Player Id,Tackles,wontackles,duels,wonduels,passes,wonpasses,interception,Last_Name,First_Name
3,28,0.642857143,170,0.394117647,1108,0.753610108,30,Giggs,Ryan
363,39,0.641025641,107,0.53271028,1137,0.930518909,24,Scholes,Paul
973,32,0.65625,104,0.625,297,0.713804714,23,Woodgate,Jonathan
1059,28,0.785714286,135,0.577777778,424,0.738207547,32,Gabbidon,Daniel
1131,12,0.916666667,58,0.620689655,232,0.780172414,14,Bramble,Titus
1195,8,0.75,131,0.396946565,348,0.75,7,Johnson,Andrew
1212,48,0.666666667,304,0.447368421,753,0.75564409,36,Wright-Phillips,Shaun
1216,29,0.862068966,119,0.605042017,489,0.709611452,25,Hill,Clint
1231,26,0.730769231,102,0.382352941,699,0.78397711,12,Bellamy,Craig
1256,29,0.793103448,129,0.542635659,895,0.72849162,20,Duff,Damien
1274,38,0.789473684,201,0.44278607,811,0.744759556,48,Dunn,David
1307,8,0.75,22,0.590909091,68,0.75,8,Gardner,Ricardo
1409,1,1,49,0.306122449,102,0.460784314,1,Wilbraham,Aaron
1411,107,0.710280374,319,0.529780564,1736,0.891129032,89,Parker,Scott
1420,67,0.611940299,190,0.594736842,950,0.803157895,42,Derry,Shaun
1587,46,0.760869565,118,0.694915254,552,0.69384058,49,Knight,Zat
1615,1,1,3,0.333333333,9,0.777777778,0,Blake,Robbie
1619,1,0,8,0.625,40,0.575,2,Henry,Thierry
1632,85,0.705882353,301,0.561461794,2211,0.858435097,72,Barry,Gareth
1640,23,0.826086957,80,0.6375,232,0.771551724,16,Upson,Matthew
1679,36,0.694444444,155,0.419354839,425,0.675294118,34,Delap,Rory
1710,2,0.5,28,0.392857143,220,0.781818182,0,Keane,Robbie
1718,56,0.678571429,197,0.670050761,1831,0.910431458,60,Terry,John
1764,65,0.8,232,0.629310345,935,0.740106952,57,Dunne,Richard
1765,24,0.708333333,255,0.533333333,570,0.624561404,15,Heskey,Emile
1809,23,0.739130435,66,0.712121212,789,0.804816223,14,Carragher,Jamie
1812,73,0.753424658,255,0.431372549,2256,0.807180851,57,Murphy,Danny
1814,24,0.708333333,101,0.485148515,1000,0.769,17,Gerrard,Steven
1821,34,0.823529412,141,0.496453901,1127,0.792369122,32,Neville,Philip
1841,38,0.789473684,152,0.605263158,536,0.725746269,35,Brown,Wes
1869,13,0.769230769,99,0.595959596,840,0.8,38,Hughes,Aaron
1930,83,0.686746988,226,0.530973451,839,0.706793802,29,Young,Luke
1934,16,0.8125,89,0.651685393,833,0.906362545,40,King,Ledley
1936,26,0.615384615,99,0.434343434,942,0.795116773,16,Gower,Mark
1940,10,0.6,29,0.620689655,173,0.693641618,9,Bridge,Wayne
1950,19,0.736842105,95,0.568421053,850,0.892941176,12,Monk,Garry
1989,1,1,8,0.625,34,0.735294118,1,Craddock,Jody
2004,46,0.782608696,137,0.605839416,708,0.761299435,40,Robinson,Paul
2019,4,0.25,39,0.487179487,215,0.702325581,6,Smith,Tommy
2034,42,0.80952381,132,0.674242424,1295,0.8996139,55,Ferdinand,Rio
2051,41,0.756097561,156,0.493589744,1625,0.838153846,35,Lampard,Frank
2160,59,0.728813559,238,0.542016807,1230,0.803252033,97,Petrov,Stilian
2399,2,1,11,0.363636364,18,0.444444444,0,Higginbotham,Danny
2404,90,0.677777778,188,0.675531915,2205,0.897505669,71,Carrick,Michael
2559,5,0.6,25,0.36,156,0.865384615,6,Davies,Simon
2562,17,0.705882353,61,0.590163934,444,0.72972973,16,Drury,Adam
2570,25,0.76,204,0.279411765,793,0.612862547,20,Etherington,Matthew
3118,3,1,60,0.166666667,87,0.655172414,1,Roberts,Jason
3119,1,1,11,0.636363636,1071,0.489262372,0,Kenny,Patrick
3273,44,0.840909091,350,0.377142857,922,0.765726681,39,Cahill,Tim
3296,37,0.810810811,177,0.519774011,827,0.713422007,34,Boyce,Emmerson
3332,40,0.725,135,0.659259259,855,0.730994152,18,Reid,Steven
3630,35,0.828571429,322,0.49378882,912,0.566885965,17,Kevin Davies,0
3658,27,0.851851852,217,0.483870968,710,0.592957746,30,Pennant,Jermaine
3731,9,0.777777778,203,0.522167488,401,0.566084788,5,Helguson,Heidar
3736,52,0.826923077,146,0.582191781,1032,0.71124031,59,O'Shea,John
3773,17,0.647058824,429,0.531468531,1149,0.588337685,13,Crouch,Peter
3785,80,0.725,269,0.516728625,1481,0.844024308,50,Cole,Ashley
3897,6,0.833333333,53,0.509433962,207,0.77294686,1,Anelka,Nicolas
4098,68,0.794117647,213,0.605633803,1498,0.775700935,64,John Arne Riise,0
4142,26,0.615384615,73,0.452054795,204,0.754901961,13,M�chel Salgado,0
4255,11,0.818181818,209,0.488038278,451,0.66518847,6,Bothroyd,Jay
4374,8,0.625,28,0.464285714,185,0.767567568,10,Lappin,Simon
4396,10,0.6,218,0.353211009,499,0.76753507,8,Saha,Louis
4445,5,0.6,32,0.3125,93,0.677419355,2,McFadden,James
4454,3,1,18,0.444444444,69,0.695652174,1,L�venkrands,Peter
4570,13,0.615384615,250,0.348,938,0.714285714,14,Zamora,Bobby
4611,37,0.675675676,203,0.403940887,1797,0.815804118,28,van der Vaart,Rafael
4719,43,0.651162791,272,0.400735294,1140,0.748245614,35,Kuyt,Dirk
4990,16,0.8125,76,0.605263158,618,0.867313916,40,Diarra,Mahamadou
5075,13,0.769230769,58,0.534482759,242,0.723140496,12,Donovan,Landon
5589,55,0.745454545,211,0.530805687,986,0.789046653,45,Whitehead,Dean
5692,1,1,8,0.25,16,0.1875,0,Hulse,Robert
5730,1,1,25,0.4,34,0.558823529,1,Agyemang,Patrick
5741,20,0.8,299,0.344481605,676,0.643491124,8,Holt,Grant
5750,20,0.8,78,0.538461538,1011,0.737883284,30,Shorey,Nicky
6219,42,0.80952381,160,0.66875,836,0.710526316,67,Distin,Sylvain
6240,9,0.888888889,219,0.383561644,355,0.676056338,5,Shola Ameobi,0
6254,17,0.882352941,72,0.625,677,0.929098966,29,Gallas,William
6286,4,0.75,37,0.405405405,132,0.53030303,0,Ciss�,Djibril
6298,12,0.583333333,28,0.607142857,228,0.859649123,11,Grygera,Zdenek
6769,5,0.8,12,0.666666667,46,0.869565217,4,Diao,Salif
7459,2,0.5,15,0.4,142,0.901408451,4,Pizarro,David
7525,29,0.724137931,186,0.47311828,766,0.800261097,24,Pienaar,Steven
7551,43,0.906976744,175,0.64,1420,0.874647887,54,Lescott,Joleon
7631,60,0.85,164,0.591463415,824,0.834951456,41,Vaughan,David
7635,27,0.777777778,150,0.38,495,0.670707071,21,Hunt,Stephen
7645,55,0.709090909,183,0.732240437,1256,0.741242038,63,Jagielka,Phil
7670,19,0.894736842,60,0.45,422,0.812796209,19,Andrews,Keith
7712,39,0.692307692,191,0.560209424,673,0.583952452,36,Ricketts,Sam
7933,68,0.735294118,238,0.554621849,1230,0.838211382,70,Coloccini,Fabricio
7958,18,0.722222222,108,0.444444444,302,0.798013245,5,Defoe,Jermain
8358,43,0.720930233,227,0.63876652,739,0.705006766,70,Johnson,Roger
8371,25,0.88,106,0.575471698,483,0.722567288,56,Givet,Ga�l
8378,35,0.685714286,258,0.391472868,1098,0.78870674,36,Osman,Leon
8380,41,0.829268293,240,0.608333333,967,0.675284385,73,Collins,James
8432,1,1,15,0.533333333,1232,0.696428571,0,Reina,Jos�
8442,21,0.666666667,94,0.478723404,678,0.902654867,12,Essien,Michael
8595,8,1,54,0.407407407,245,0.804081633,4,Berbatov,Dimitar
8597,40,0.75,203,0.532019704,1318,0.834597876,25,Rosicky,Tomas
8758,72,0.819444444,293,0.563139932,2413,0.876916701,56,Arteta,Mikel
9007,50,0.8,147,0.619047619,1166,0.710977702,62,Hibbert,Tony
9047,43,0.744186047,224,0.522321429,1154,0.802426343,43,Johnson,Glen
9089,1,1,12,0.75,1211,0.573905863,0,Foster,Ben
9110,14,0.642857143,78,0.525641026,404,0.797029703,7,Maloney,Shaun
9493,35,0.828571429,125,0.536,943,0.776246023,39,Kelly,Stephen
9765,22,0.636363636,155,0.367741935,510,0.7,14,Klasnic,Ivan
10089,11,0.545454545,133,0.353383459,1155,0.632034632,26,Petrov,Martin
10425,19,0.789473684,169,0.396449704,786,0.767175573,11,Malouda,Florent
10454,31,0.806451613,94,0.510638298,565,0.860176991,21,Etuhu,Dickson
10466,40,0.75,156,0.544871795,957,0.792058516,44,Heitinga,Johnny
10561,51,0.784313725,187,0.561497326,1444,0.856648199,60,Henry,Karl
10738,8,0.625,191,0.345549738,413,0.699757869,5,Bent,Darren
11078,15,0.533333333,70,0.542857143,508,0.769685039,18,Ward,Elliott
11248,2,0.5,18,0.555555556,60,0.616666667,4,Kyrgiakos,Sotirios
11278,61,0.868852459,230,0.508695652,1293,0.775715391,65,Bosingwa,Jos�
11378,32,0.71875,176,0.534090909,723,0.760719225,32,Williamson,Michael
11467,33,0.606060606,110,0.6,595,0.668907563,19,Jones,Billy
11721,10,0.7,73,0.342465753,69,0.753623188,5,Fuller,Ricardo
11735,38,0.736842105,128,0.5546875,643,0.814930016,33,Sidwell,Steve
11829,21,0.857142857,210,0.361904762,745,0.726174497,19,Routledge,Wayne
11883,5,0.6,15,0.6,81,0.87654321,2,Tate,Alan
11911,23,0.739130435,185,0.513513514,1477,0.821259309,52,Gary Caldwell,0
12002,23,0.739130435,166,0.445783133,1445,0.766782007,24,Downing,Stewart
12150,56,0.482142857,222,0.459459459,1276,0.771159875,46,Whelan,Glenn
12297,20,0.65,350,0.362857143,1236,0.694983819,10,van Persie,Robin
12303,15,0.666666667,219,0.388127854,427,0.585480094,9,Drogba,Didier
12413,67,0.776119403,240,0.633333333,578,0.724913495,68,Huth,Robert
12443,21,0.952380952,70,0.571428571,427,0.681498829,21,Orr,Bradley
12450,14,0.5,59,0.525423729,435,0.894252874,11,Kolo Tour�,0
12674,15,0.6,53,0.603773585,207,0.685990338,9,Hall,Fitz
12679,7,0.857142857,44,0.727272727,289,0.861591696,15,Dawson,Michael
12745,57,0.719298246,229,0.537117904,1581,0.690702087,65,Baines,Leighton
12765,60,0.833333333,276,0.485507246,721,0.751733703,31,Thomas,Jerome
12780,1,0,4,1,44,0.75,3,Mears,Tyrone
12813,36,0.694444444,412,0.424757282,1003,0.639082752,18,Walters,Jonathan
12882,41,0.707317073,117,0.632478632,505,0.861386139,21,Park Ji-Sung,0
13017,22,0.772727273,300,0.386666667,1763,0.789563244,15,Rooney,Wayne
13227,9,0.777777778,73,0.315068493,364,0.711538462,7,Arshavin,Andrey
13239,14,0.857142857,193,0.32642487,555,0.697297297,14,Yakubu,0
13308,17,0.647058824,68,0.426470588,401,0.89276808,13,Maxi Rodr�guez,0
13310,81,0.679012346,287,0.592334495,1321,0.706283119,103,Warnock,Stephen
13524,2,1,2,1,9,0.888888889,1,Grella,Vincenzo
13594,16,0.625,103,0.40776699,412,0.803398058,20,Benayoun,Yossi
13898,47,0.765957447,205,0.575609756,806,0.705955335,55,Ferdinand,Anton
14075,104,0.769230769,411,0.591240876,1696,0.829009434,51,Evra,Patrice
14166,3,0.666666667,56,0.339285714,105,0.742857143,6,Lita,Leroy
14278,35,0.742857143,96,0.645833333,462,0.703463203,14,Ridgewell,Liam
14279,10,0.7,184,0.364130435,392,0.704081633,6,Fortun�,Marc-Antoine
14295,11,0.545454545,38,0.447368421,479,0.897703549,9,Fletcher,Darren
14402,35,0.914285714,341,0.384164223,603,0.713101161,9,Torres,Fernando
14469,10,0.5,50,0.42,187,0.737967914,5,Crusat,Albert
14489,1,1,12,0.25,29,0.655172414,0,Pugh,Danny
14664,55,0.818181818,259,0.536679537,2441,0.897582958,39,Yaya Tour�,0
14668,86,0.73255814,324,0.490740741,1684,0.833729216,81,Reo-Coker,Nigel
14775,41,0.756097561,157,0.464968153,1111,0.720072007,43,Ryan Taylor,0
14898,32,0.78125,138,0.449275362,484,0.770661157,19,Crofts,Andrew
14919,9,0.888888889,53,0.58490566,206,0.766990291,22,Kilgallon,Matthew
14947,19,0.947368421,49,0.469387755,566,0.832155477,17,Foley,Kevin
14965,6,0.833333333,37,0.756756757,250,0.82,14,Vidic,Nemanja
15073,43,0.813953488,174,0.477011494,976,0.716188525,54,Richardson,Kieran
15076,36,0.722222222,83,0.722891566,897,0.921962096,37,de Jong,Nigel
15109,2,1,6,0.5,39,0.794871795,1,Huddlestone,Tom
15114,62,0.629032258,214,0.598130841,2261,0.933215391,59,Britton,Leon
15157,41,0.780487805,156,0.461538462,1066,0.795497186,35,Milner,James
15188,41,0.658536585,147,0.476190476,471,0.762208068,25,Pratley,Darren
15201,20,0.65,111,0.675675676,298,0.691275168,18,Barnett,Leon
15237,31,0.677419355,125,0.416,985,0.781725888,27,Surman,Andrew
15276,94,0.70212766,370,0.510810811,1838,0.695321001,59,Barton,Joey
15284,53,0.773584906,247,0.655870445,1818,0.842134213,79,Hangeland,Brede
15395,9,0.666666667,54,0.555555556,151,0.649006623,4,Tuncay,0
15398,13,0.846153846,186,0.35483871,604,0.759933775,19,Graham,Danny
15405,70,0.742857143,245,0.604081633,966,0.694616977,56,Hutton,Alan
15428,12,0.583333333,87,0.413793103,201,0.825870647,2,Moore,Luke
15498,17,0.529411765,59,0.745762712,306,0.790849673,9,Gohouri,Steve
15675,6,0.833333333,41,0.634146341,81,0.716049383,1,Chamakh,Marouane
15864,43,0.744186047,157,0.579617834,634,0.776025237,48,Turner,Michael
15943,47,0.829787234,216,0.606481481,1471,0.851121686,67,Vermaelen,Thomas
15944,25,0.72,177,0.299435028,486,0.652263374,16,Kightly,Michael
15968,26,0.769230769,88,0.568181818,649,0.796610169,43,Baird,Chris
16005,10,0.7,202,0.49009901,323,0.721362229,1,Best,Leon
16045,35,0.8,126,0.452380952,997,0.812437312,36,Watson,Ben
16058,66,0.772727273,327,0.44648318,1521,0.650887574,94,Pedersen,Morten Gamst
16210,36,0.75,171,0.485380117,692,0.832369942,32,Scharner,Paul
16234,44,0.795454545,133,0.466165414,528,0.746212121,21,Stam,Ronnie
16236,49,0.816326531,181,0.491712707,915,0.782513661,41,Edwards,David
16734,9,1,36,0.5,150,0.813333333,7,Ferreira,Paulo
16854,22,0.863636364,92,0.510869565,972,0.850823045,39,Senderos,Philippe
17127,17,0.705882353,92,0.652173913,1093,0.891125343,35,Mertesacker,Per
17336,65,0.646153846,235,0.565957447,1503,0.815701929,75,Clichy,Ga�l
17349,15,0.666666667,132,0.409090909,623,0.808988764,13,Lennon,Aaron
17468,68,0.661764706,159,0.635220126,585,0.702564103,52,Cu�llar,Carlos
17476,65,0.784615385,176,0.670454545,1651,0.863113265,73,Kompany,Vincent
17500,26,0.653846154,411,0.340632603,1150,0.79826087,22,Adebayor,Emmanuel
17812,34,0.794117647,109,0.458715596,1550,0.80516129,28,Fox,David
17891,10,0.9,72,0.472222222,232,0.685344828,7,Bilyaletdinov,Diniyar
17955,7,0.714285714,38,0.289473684,119,0.697478992,3,Dobbie,Stephen
17974,11,0.727272727,70,0.657142857,417,0.800959233,14,Steven Taylor,0
17997,78,0.756410256,203,0.610837438,1250,0.688,55,Bardsley,Phillip
18008,66,0.757575758,258,0.503875969,1266,0.79778831,65,Morrison,James
18144,28,0.75,113,0.637168142,683,0.770131772,14,Whitbread,Zak
18215,2,0.5,166,0.439759036,247,0.587044534,5,Jones,Kenwyne
18428,44,0.818181818,295,0.430508475,1033,0.674733785,52,Eagles,Chris
18430,5,0.8,29,0.448275862,85,0.729411765,3,Gera,Zolt�n
18586,18,0.722222222,72,0.402777778,494,0.805668016,13,Buzs�ky,�kos
18658,9,0.555555556,26,0.653846154,117,0.888888889,7,Alex,0
18737,42,0.80952381,336,0.348214286,833,0.675870348,28,N'Zogbia,Charles
18753,22,0.818181818,245,0.391836735,628,0.76433121,9,Ben Arfa,Hatem
18804,17,0.882352941,128,0.3828125,201,0.651741294,5,Jerome,Cameron
18818,28,0.678571429,247,0.408906883,1109,0.690712353,29,Jarvis,Matthew
18832,57,0.666666667,188,0.515957447,788,0.762690355,46,Stearman,Richard
18846,50,0.76,125,0.664,509,0.805500982,42,Perch,James
18892,35,0.8,195,0.558974359,897,0.723522854,17,Young,Ashley
18953,10,0.8,292,0.386986301,836,0.700956938,10,Fletcher,Steven
19008,53,0.754716981,235,0.6,882,0.70861678,46,Berra,Christophe
19053,49,0.775510204,138,0.608695652,448,0.723214286,25,Onuoha,Nedum
19057,80,0.6625,241,0.481327801,1245,0.638554217,47,Sebastian Larsson,0
19084,7,0.428571429,26,0.5,147,0.768707483,3,Elokobi,George
19124,55,0.581818182,126,0.626984127,638,0.680250784,28,Tierney,Marc
19151,45,0.8,176,0.454545455,1264,0.720727848,43,Brunt,Chris
19159,57,0.754385965,243,0.547325103,2595,0.852408478,83,Williams,Ashley
19160,26,0.884615385,106,0.613207547,647,0.890262751,13,Djourou,Johan
19188,43,0.604651163,129,0.573643411,644,0.703416149,36,Dann,Scott
19196,31,0.903225806,248,0.318548387,469,0.718550107,21,Mackie,Jamie
19197,1,1,5,0.2,10,0.7,0,Puncheon,Jason
19236,1,0,8,0.5,1221,0.57985258,2,Ruddy,John
19272,63,0.793650794,247,0.700404858,915,0.750819672,24,McAuley,Gareth
19321,5,0.8,109,0.330275229,208,0.716346154,4,Jackson,Simeon
19341,51,0.764705882,177,0.610169492,1164,0.746563574,44,Martin,Russell
19419,24,0.791666667,202,0.579207921,978,0.787321063,53,Cahill,Gary
19556,19,0.736842105,79,0.518987342,725,0.812413793,13,Jones,David
19557,12,0.833333333,107,0.299065421,312,0.756410256,2,Ebanks-Blake,Sylvain
19569,56,0.839285714,218,0.504587156,1185,0.772151899,41,Johnson,Bradley
19602,9,0.888888889,46,0.47826087,84,0.726190476,7,Vukcevic,Simon
19645,3,0.666666667,30,0.466666667,80,0.7,5,Campbell,DJ
19688,34,0.705882353,369,0.447154472,1001,0.827172827,29,Sinclair,Scott
19714,60,0.7,180,0.516666667,442,0.610859729,24,Wilkinson,Andy
19718,4,0.75,17,0.647058824,111,0.801801802,3,Nelsen,Ryan
19740,22,0.818181818,74,0.5,461,0.681127983,30,Taiwo,Taye
19921,37,0.756756757,154,0.409090909,1396,0.82234957,62,Meireles,Raul
19930,78,0.705128205,290,0.579310345,1067,0.866916589,47,Mark Davies,0
19946,1,1,3,0.666666667,11,0.727272727,1,Ephraim,Hogan
19958,43,0.813953488,186,0.548387097,585,0.688888889,53,Wheater,David
19959,13,0.615384615,102,0.352941176,626,0.817891374,14,Adam Johnson,0
20066,2,1,7,0.714285714,1419,0.507399577,3,Hennessey,Wayne
20141,25,0.68,126,0.436507937,848,0.752358491,25,Dorrans,Graham
20208,62,0.709677419,320,0.534375,1542,0.73151751,44,Adam,Charlie
20226,54,0.740740741,458,0.436681223,1311,0.82761251,48,Dempsey,Clint
20312,11,0.545454545,95,0.410526316,411,0.846715328,4,T�vez,Carlos
20359,17,0.764705882,104,0.653846154,348,0.764367816,24,Samba,Christopher
20450,45,0.8,346,0.456647399,805,0.741614907,11,Doyle,Kevin
20452,23,0.739130435,340,0.423529412,641,0.689547582,27,Long,Shane
20467,18,0.777777778,309,0.343042071,973,0.701952724,17,Walcott,Theo
20480,2,0,13,0.538461538,1421,0.475017593,0,Krul,Tim
20481,54,0.796296296,167,0.479041916,796,0.791457286,62,Ireland,Stephen
20488,32,0.59375,170,0.488235294,742,0.789757412,36,Traore,Armand
20492,53,0.754716981,253,0.561264822,809,0.815822002,35,Richards,Micah
20589,3,0.333333333,14,0.642857143,61,0.836065574,2,Orlandi,Andrea
20658,70,0.8,190,0.594736842,895,0.817877095,44,Zabaleta,Pablo
20664,47,0.70212766,275,0.454545455,2151,0.834495583,37,Silva,David
20695,66,0.787878788,294,0.43537415,1384,0.778179191,29,Antonio Valencia,0
21060,85,0.811764706,465,0.475268817,1318,0.751138088,74,Guti�rrez,Jon�s
21083,62,0.725806452,426,0.462441315,1112,0.791366906,42,Dyer,Nathan
21091,100,0.73,396,0.474747475,2261,0.839893852,66,Song,Alexandre
21094,32,0.65625,164,0.670731707,1055,0.841706161,59,Agger,Daniel
26725,69,0.811594203,278,0.561151079,1963,0.76464595,31,Jos� Enrique,0
26793,57,0.754385965,228,0.684210526,1508,0.831564987,49,Skrtel,Martin
26900,25,0.8,260,0.330769231,851,0.736780259,24,Odemwingie,Peter
27258,23,0.695652174,73,0.465753425,530,0.841509434,15,Anderson,0
27341,117,0.709401709,272,0.555147059,1584,0.760732323,89,Cabaye,Yohan
27348,12,0.916666667,49,0.551020408,229,0.733624454,7,Tamas,Gabriel
27440,8,1,83,0.301204819,276,0.742753623,11,Cox,Simon
27450,32,0.875,361,0.404432133,796,0.675879397,12,Agbonlahor,Gabriel
27696,51,0.647058824,161,0.51552795,367,0.754768392,40,Muamba,Fabrice
27697,19,0.526315789,334,0.398203593,911,0.727771679,8,Bendtner,Nicklas
27698,18,0.666666667,35,0.714285714,124,0.758064516,8,Connolly,Matthew
27707,23,0.826086957,62,0.467741935,553,0.846292948,22,Gibson,Darron
28097,16,0.8125,69,0.492753623,432,0.835648148,10,Kranjcar,Niko
28146,62,0.709677419,272,0.544117647,2112,0.777935606,92,Assou-Ekotto,Benoit
28147,84,0.726190476,296,0.496621622,752,0.823138298,26,Diam�,Mohamed
28157,6,1,71,0.295774648,157,0.757961783,7,Goodwillie,David
28183,35,0.8,141,0.503546099,683,0.629575403,42,Steinsson,Gr�tar
28301,67,0.671641791,348,0.41954023,1424,0.821629213,60,Cheik Tiot�,0
28448,85,0.717647059,266,0.484962406,860,0.811627907,75,Cattermole,Lee
28468,74,0.72972973,244,0.495901639,951,0.767613039,38,Gardner,Craig
28491,1,0,8,0.5,968,0.622933884,0,Al-Habsi,Ali
28495,36,0.833333333,162,0.543209877,1089,0.90174472,33,Mikel,John Obi
28499,53,0.622641509,267,0.490636704,1281,0.839188134,33,Hoolahan,Wes
28541,12,0.75,95,0.4,157,0.732484076,7,Campbell,Fraizer
28554,17,0.647058824,195,0.323076923,1805,0.852631579,28,Nasri,Samir
28566,1,0,22,0.454545455,70,0.871428571,2,Abou Diaby,Vassiriki
28568,23,0.913043478,146,0.445205479,1325,0.778867925,27,O'Hara,Jamie
28593,4,1,78,0.397435897,130,0.569230769,2,Anichebe,Victor
28654,39,0.743589744,195,0.579487179,785,0.686624204,46,Martin Olsson,0
32318,80,0.7375,286,0.513986014,1023,0.630498534,40,Wilson,Marc
33223,1,0,30,0.333333333,63,0.714285714,4,Gyan,Asamoah
33298,15,0.8,117,0.478632479,739,0.686062246,26,Beausejour,Jean
34285,107,0.682242991,321,0.651090343,1890,0.748677249,93,Figueroa,Maynor
34296,26,0.653846154,93,0.52688172,317,0.832807571,12,Palacios,Wilson
34392,37,0.864864865,485,0.391752577,1131,0.784261715,14,Sessegnon,St�phane
35865,7,0.714285714,67,0.417910448,88,0.602272727,3,Modeste,Anthony
36903,43,0.697674419,417,0.467625899,1642,0.755176614,54,Bale,Gareth
37055,56,0.714285714,369,0.474254743,2656,0.85128012,81,Modric,Luka
37084,38,0.763157895,230,0.491304348,788,0.777918782,34,Ruiz,Bryan
37269,11,0.909090909,20,0.7,100,0.8,8,Jara,Gonzalo
37334,2,1,124,0.322580645,411,0.734793187,6,Rodallega,Hugo
37339,18,0.555555556,139,0.417266187,405,0.609876543,11,Elmohamady,Ahmed
37352,8,0.875,69,0.420289855,257,0.809338521,3,Kalou,Salomon
37572,23,0.739130435,314,0.340764331,895,0.834636872,18,Ag�ero,Sergio
37639,40,0.625,115,0.582608696,657,0.788432268,25,Guthrie,Danny
37642,36,0.722222222,189,0.576719577,1420,0.900704225,55,Evans,Jonny
37742,68,0.735294118,311,0.665594855,1558,0.836970475,77,Kaboul,Younes
37748,42,0.833333333,202,0.633663366,1214,0.809719934,35,Sagna,Bacary
37847,30,0.7,121,0.58677686,515,0.730097087,42,Zubar,Ronald
37869,49,0.632653061,205,0.604878049,605,0.692561983,30,Shawcross,Ryan
37939,3,1,16,0.4375,86,0.802325581,0,Marveaux,Sylvain
38251,1,0,1,1,126,0.555555556,0,de Vries,Dorus
38290,12,0.833333333,35,0.571428571,173,0.797687861,9,Rose,Danny
38297,24,0.791666667,76,0.539473684,532,0.828947368,12,Howson,Jonathan
38328,39,0.820512821,454,0.374449339,754,0.651193634,17,Ngog,David
38429,25,0.68,165,0.387878788,601,0.705490849,16,Obertan,Gabriel
38462,5,0.8,14,0.642857143,60,0.766666667,4,Corluka,Vedran
38530,38,0.736842105,301,0.445182724,1267,0.700868193,26,Nani,0
39104,112,0.758928571,478,0.577405858,1702,0.87720329,33,Demb�l�,Moussa
39202,26,0.884615385,196,0.454081633,374,0.721925134,13,Drenthe,Royston
39215,3,0.333333333,17,0.941176471,1591,0.710245129,1,Vorm,Michel
39217,11,0.909090909,65,0.430769231,545,0.796330275,5,Agustien,Kemy
39253,33,0.575757576,250,0.524,1125,0.722666667,30,Jonas Olsson,0
39336,35,0.742857143,447,0.427293065,1117,0.72694718,12,Su�rez,Luis
39439,7,0.857142857,152,0.289473684,274,0.733576642,4,Pogrebnyak,Pavel
39765,24,0.833333333,286,0.402097902,1159,0.747195858,35,Taarabt,Adel
39776,1,1,23,0.391304348,86,0.651162791,2,Martin,Chris
39895,101,0.782178218,376,0.505319149,1667,0.838032394,101,Mulumbu,Youssuf
40142,24,0.791666667,397,0.586901763,747,0.6291834,16,Carroll,Andy
40146,14,0.714285714,46,0.608695652,292,0.869863014,13,Bertrand,Ryan
40204,10,0.7,278,0.309352518,612,0.508169935,9,Morison,Steve
40231,7,0.571428571,17,0.529411765,88,0.863636364,6,J�nsson,Eggert Gunnth�r
40275,3,0.666666667,8,0.75,38,0.842105263,1,dos Santos,Giovani
40349,1,1,8,0.625,725,0.575172414,4,Begovic,Asmir
40387,9,0.888888889,33,0.393939394,99,0.818181818,2,Gosling,Dan
40451,23,0.826086957,145,0.344827586,840,0.752380952,20,Pilkington,Anthony
40555,110,0.745454545,367,0.539509537,2219,0.900405588,74,Allen,Joe
40564,1,1,2,0.5,17,0.882352941,1,Lansbury,Henri
40616,49,0.734693878,237,0.548523207,1801,0.739589117,62,Ward,Stephen
40660,10,0.9,48,0.458333333,146,0.602739726,2,Hammill,Adam
40725,68,0.823529412,213,0.539906103,1154,0.726169844,60,Simpson,Danny
40755,8,0.875,212,0.316037736,763,0.760157274,17,Sturridge,Daniel
41135,57,0.771929825,193,0.67357513,1104,0.839673913,58,Ivanovic,Branislav
41184,99,0.848484848,444,0.497747748,1806,0.790143965,55,Fellaini,Marouane
41208,16,0.75,81,0.456790123,540,0.77037037,19,Milijas,Nenad
41262,58,0.672413793,239,0.50209205,803,0.637608966,28,Elliott Bennett,0
41270,28,0.821428571,158,0.556962025,887,0.845546787,56,David Luiz,0
41727,14,0.714285714,64,0.5625,285,0.824561404,15,Ryan Bennett,0
41792,59,0.661016949,320,0.403125,1963,0.860927152,27,Ramsey,Aaron
41823,23,0.782608696,107,0.551401869,395,0.8,15,Delph,Fabian
42425,4,0.75,20,0.65,37,0.756756757,1,Briggs,Matthew
42427,34,0.676470588,138,0.601449275,661,0.788199697,26,Gibbs,Kieran
42428,3,1,3,1,56,0.857142857,2,Hutchinson,Sam
42493,17,0.705882353,226,0.415929204,489,0.756646217,16,Balotelli,Mario
42544,14,0.642857143,225,0.426666667,531,0.668549906,15,Dzeko,Edin
42593,17,0.764705882,89,0.550561798,528,0.721590909,9,Kolarov,Aleksandar
42744,11,0.636363636,74,0.527027027,325,0.849230769,25,Bassong,S�bastien
42758,13,0.692307692,139,0.374100719,363,0.67768595,12,Ciss�,Papiss Demba
42996,85,0.741176471,237,0.548523207,2352,0.819727891,95,Rangel,Angel
43020,9,0.777777778,93,0.311827957,421,0.805225653,5,Hern�ndez,Javier
43035,61,0.737704918,199,0.557788945,1093,0.772186642,65,Alcaraz,Antolin
43191,68,0.764705882,161,0.633540373,688,0.854651163,33,Lucas Leiva,0
43250,11,0.818181818,41,0.512195122,313,0.897763578,5,Cleverley,Tom
43274,25,0.96,218,0.389908257,666,0.786786787,20,Gervinho,0
43670,25,0.76,208,0.408653846,1722,0.786295006,20,Mata,Juan
44302,11,0.636363636,57,0.350877193,133,0.721804511,8,Gu�dioura,Adl�ne
45139,24,0.833333333,89,0.404494382,275,0.745454545,18,Lichaj,Eric
45158,28,0.714285714,189,0.433862434,431,0.577726218,20,Shotton,Ryan
46581,2,1,33,0.303030303,52,0.769230769,0,S�,Orlando
46695,20,0.75,52,0.653846154,145,0.765517241,10,de Laet,Ritchie
47390,89,0.752808989,279,0.52688172,1785,0.818487395,38,Taylor,Neil
47412,14,0.714285714,382,0.390052356,781,0.731113956,18,Ba,Demba
48730,14,0.642857143,33,0.606060606,150,0.84,10,Piscu,0
49013,38,0.763157895,539,0.410018553,1005,0.760199005,28,Moses,Victor
49323,55,0.6,359,0.529247911,1743,0.833620195,55,N'Zonzi,Steven
49384,18,0.833333333,51,0.509803922,383,0.866840731,17,Rodwell,Jack
49493,42,0.761904762,178,0.550561798,554,0.664259928,36,Herd,Chris
49539,95,0.715789474,236,0.61440678,1315,0.721673004,57,Naughton,Kyle
49724,25,0.88,314,0.375796178,547,0.702010969,23,Di Santo,Franco
49806,49,0.714285714,455,0.430769231,915,0.760655738,37,Hoilett,Junior
49944,29,0.655172414,79,0.556962025,583,0.910806175,26,Livermore,Jake
50023,31,0.64516129,200,0.445,936,0.792735043,32,Jordi G�mez,0
50175,39,0.923076923,238,0.420168067,741,0.859649123,28,Welbeck,Danny
50232,19,0.526315789,65,0.507692308,475,0.810526316,9,Shelvey,Jonjo
50471,60,0.75,211,0.516587678,1204,0.836378738,31,McArthur,James
50472,79,0.746835443,247,0.506072874,1538,0.868660598,57,McCarthy,James
51484,3,1,27,0.37037037,48,0.666666667,1,Delfouneso,Nathan
51507,85,0.694117647,291,0.64604811,1711,0.845119813,91,Koscielny,Laurent
51887,12,0.75,115,0.426086957,277,0.559566787,18,Marcus Olsson,0
51938,41,0.682926829,190,0.421052632,615,0.585365854,32,Albrighton,Marc
51940,1,0,11,0.909090909,924,0.614718615,1,De Gea,David
52477,11,0.636363636,44,0.659090909,110,0.581818182,6,Baker,Nathan
52876,84,0.738095238,217,0.67281106,811,0.866831073,43,Sandro,0
53238,1,1,11,0.272727273,27,0.777777778,1,Bruno Perone,0
53371,10,0.7,28,0.607142857,104,0.759615385,1,Meyler,David
53392,83,0.746987952,328,0.536585366,1041,0.819404419,56,Ramires,0
54469,1,1,1,1,12,0.833333333,1,Smith,Adam
54771,10,0.7,38,0.5,130,0.815384615,7,Fabio,0
54772,49,0.857142857,140,0.592857143,654,0.844036697,13,Rafael,0
55415,5,0.8,111,0.225225225,156,0.75,1,Sammon,Conor
55422,28,0.714285714,160,0.4625,808,0.747524752,26,Sigurdsson,Gylfi
55548,45,0.8,116,0.577586207,830,0.857831325,18,Spearing,Jay
55604,39,0.769230769,147,0.585034014,708,0.81779661,39,Santon,Davide
55909,17,0.882352941,103,0.504854369,595,0.818487395,24,Smalling,Chris
56861,22,0.727272727,77,0.506493506,298,0.815436242,23,Frimpong,Emmanuel
56864,32,0.71875,98,0.56122449,400,0.8375,19,Coquelin,Francis
56944,25,0.8,96,0.416666667,448,0.785714286,31,Petrovic,Radosav
56979,51,0.843137255,211,0.402843602,1578,0.801647655,54,Henderson,Jordan
57069,1,1,96,0.1875,167,0.646706587,0,Tchoyi,Somen
57214,49,0.714285714,155,0.587096774,802,0.842892768,35,Andr� Santos,0
57835,4,1,54,0.37037037,275,0.72,6,Gueye,Magaye
58621,97,0.835051546,345,0.556521739,1881,0.792663477,67,Walker,Kyle
58771,69,0.811594203,252,0.543650794,1114,0.81508079,62,Colback,Jack
58778,7,0.571428571,121,0.314049587,187,0.721925134,7,Stracqualursi,Denis
58786,42,0.714285714,105,0.533333333,394,0.728426396,11,Kelly,Martin
58845,40,0.75,113,0.575221239,541,0.800369686,29,Clark,Ciaran
58900,78,0.858974359,308,0.431818182,725,0.788965517,59,Formica,Mauro
59013,24,0.833333333,79,0.430379747,635,0.696062992,22,Bannan,Barry
59125,10,1,85,0.411764706,169,0.650887574,6,Wickham,Connor
59304,2,0,14,0.428571429,77,0.792207792,6,Vuckic,Haris
59325,3,0.666666667,14,0.571428571,30,0.733333333,0,Kakuta,Gael
59936,1,1,16,0.75,1305,0.701149425,0,Szczesny,Wojciech
59949,18,0.722222222,168,0.333333333,416,0.771634615,19,Coleman,Seamus
59970,2,0.5,17,0.294117647,33,0.787878788,1,Macheda,Federico
60232,7,0.714285714,28,0.714285714,169,0.75739645,18,Dawson,Craig
60865,3,1,31,0.35483871,76,0.684210526,3,Vellios,Apostolos
61933,1,0,6,0.833333333,63,0.619047619,7,Duffy,Shane
61944,4,0.25,13,0.461538462,48,0.666666667,3,Ferguson,Shane
62419,2,1,129,0.302325581,294,0.653061224,5,Jelavic,Nikica
63370,55,0.781818182,332,0.391566265,690,0.624637681,27,McClean,James
65807,7,0.714285714,48,0.5625,281,0.839857651,12,Savic,Stefan
66749,2,1,36,0.25,58,0.775862069,0,Lukaku,Romelu
67731,90,0.755555556,265,0.588679245,1168,0.803938356,46,Faurlin,Alejandro
68815,35,0.685714286,153,0.620915033,1605,0.869781931,31,Caulker,Steven
73459,20,0.7,59,0.457627119,383,0.856396867,11,Richards,Ashley
74208,3,0.666666667,8,0.875,89,0.91011236,4,Pogba,Paul
74230,8,0.875,21,0.571428571,117,0.760683761,3,van Aanholt,Patrick
75773,1,0,4,0.5,16,0.4375,1,Lee Chung-Yong,0
75880,20,0.6,48,0.520833333,238,0.865546218,4,Ayala,Daniel
76359,68,0.705882353,249,0.598393574,1210,0.807438017,49,Jones,Phil
77800,11,0.909090909,66,0.378787879,265,0.694339623,12,Gardner,Gary
78056,37,0.783783784,119,0.495798319,658,0.893617021,34,Romeu,Oriol
78108,14,0.571428571,44,0.636363636,222,0.81981982,4,Coates,Sebasti�n
78774,16,0.75,44,0.568181818,195,0.81025641,7,Davis,David
79843,4,0.5,9,0.555555556,49,0.795918367,1,Thorne,George
80235,32,0.78125,90,0.588888889,460,0.756521739,34,Boyata,Dedryck
80254,15,0.733333333,39,0.435897436,300,0.786666667,3,Jenkinson,Carl
80442,26,0.769230769,127,0.535433071,321,0.853582555,13,Samba Diakit�,0
80979,4,1,48,0.291666667,135,0.718518519,6,Weimann,Andreas
81025,8,0.75,58,0.310344828,127,0.68503937,2,Kasami,Pajtim
81880,10,0.6,108,0.453703704,273,0.776556777,7,Oxlade-Chamberlain,Alex
82263,9,0.888888889,50,0.44,175,0.668571429,13,Alonso,Marcos
82514,18,0.5,80,0.5,399,0.794486216,41,Ream,Tim
83428,42,0.761904762,138,0.557971014,502,0.735059761,44,Hanley,Grant
86168,39,0.743589744,170,0.458823529,321,0.747663551,16,Rochina,Rub�n
86364,4,0.75,6,0.666666667,27,0.740740741,1,Yennaris,Nicholas
87835,3,1,7,0.714285714,18,0.777777778,2,Doherty,Matt
87860,1,1,9,0.222222222,25,0.72,0,Morris,Josh
88821,4,0.5,17,0.647058824,129,0.945736434,5,McEachran,Joshua
88894,3,0.666666667,38,0.447368421,102,0.794117647,0,Barkley,Ross
89328,1,1,2,0.5,1,1,0,Slew,Jordan
90801,8,0.625,21,0.523809524,143,0.783216783,9,Miquel,Ignasi
91979,8,0.75,54,0.37037037,204,0.803921569,6,Flanagan,John
92372,8,0.25,83,0.385542169,220,0.590909091,5,Miyaichi,Ryo
92488,54,0.703703704,151,0.516556291,936,0.746794872,75,Lowe,Jason
95703,1,1,2,1,5,0.8,0,Lancaster,Cameron
97612,5,0.8,40,0.3,71,0.478873239,0,Sammy Ameobi,0
98464,3,1,4,0.75,31,0.806451613,0,Vela,Joshua
98769,4,0.75,61,0.344262295,224,0.821428571,6,Ji Dong-Won,0
103903,23,0.695652174,47,0.617021277,125,0.736,12,Henley,Adam
105086,11,0.727272727,92,0.413043478,261,0.812260536,15,Frei,Kerim
105190,4,1,24,0.25,76,0.723684211,8,Forde,Anthony
105322,9,0.777777778,28,0.535714286,94,0.468085106,5,Riley,Joe
106603,4,0.5,8,0.5,28,0.821428571,0,Fryers,Ezekiel
114042,3,0.666666667,10,0.5,14,0.857142857,1,Carruthers,Samir