,sensor_id,time,incoming,outgoing,range,date,hour,minute,total,location_name
0,52,2021-06-17 07:07:11.937082+00:00,0,2,1min,2021-06-17,7,7,2,reitan_7eleven_carlberner
1,52,2021-06-17 07:07:51.166361+00:00,1,0,1min,2021-06-17,7,7,1,reitan_7eleven_carlberner
2,52,2021-06-17 07:09:48.861997+00:00,0,1,1min,2021-06-17,7,9,1,reitan_7eleven_carlberner
3,52,2021-06-17 07:10:40.197648+00:00,1,0,1min,2021-06-17,7,10,1,reitan_7eleven_carlberner
4,52,2021-06-17 07:11:49.664105+00:00,0,1,1min,2021-06-17,7,11,1,reitan_7eleven_carlberner
5,52,2021-06-17 07:14:20.731722+00:00,1,0,1min,2021-06-17,7,14,1,reitan_7eleven_carlberner
6,52,2021-06-17 07:16:27.575491+00:00,0,1,1min,2021-06-17,7,16,1,reitan_7eleven_carlberner
7,52,2021-06-17 07:17:21.919449+00:00,1,0,1min,2021-06-17,7,17,1,reitan_7eleven_carlberner
8,52,2021-06-17 07:17:52.122774+00:00,0,1,1min,2021-06-17,7,17,1,reitan_7eleven_carlberner
9,52,2021-06-17 07:19:58.885012+00:00,1,0,1min,2021-06-17,7,19,1,reitan_7eleven_carlberner
10,52,2021-06-17 07:21:38.474731+00:00,0,1,1min,2021-06-17,7,21,1,reitan_7eleven_carlberner
11,52,2021-06-17 07:22:02.633180+00:00,0,1,1min,2021-06-17,7,22,1,reitan_7eleven_carlberner
12,52,2021-06-17 07:22:20.713582+00:00,1,0,1min,2021-06-17,7,22,1,reitan_7eleven_carlberner
13,52,2021-06-17 07:24:39.540016+00:00,1,1,1min,2021-06-17,7,24,2,reitan_7eleven_carlberner
14,52,2021-06-17 07:33:24.498339+00:00,0,1,1min,2021-06-17,7,33,1,reitan_7eleven_carlberner
15,52,2021-06-17 07:33:57.739478+00:00,1,0,1min,2021-06-17,7,33,1,reitan_7eleven_carlberner
16,52,2021-06-17 07:35:07.140249+00:00,0,1,1min,2021-06-17,7,35,1,reitan_7eleven_carlberner
17,52,2021-06-17 07:35:22.262835+00:00,1,0,1min,2021-06-17,7,35,1,reitan_7eleven_carlberner
18,52,2021-06-17 07:36:01.535996+00:00,1,0,1min,2021-06-17,7,36,1,reitan_7eleven_carlberner
19,52,2021-06-17 07:37:23.036235+00:00,0,2,1min,2021-06-17,7,37,2,reitan_7eleven_carlberner
20,52,2021-06-17 07:38:29.424030+00:00,2,0,1min,2021-06-17,7,38,2,reitan_7eleven_carlberner
21,52,2021-06-17 07:40:12.165161+00:00,0,1,1min,2021-06-17,7,40,1,reitan_7eleven_carlberner
22,52,2021-06-17 07:42:03.789079+00:00,1,0,1min,2021-06-17,7,42,1,reitan_7eleven_carlberner
23,52,2021-06-17 07:42:12.846034+00:00,1,0,1min,2021-06-17,7,42,1,reitan_7eleven_carlberner
24,52,2021-06-17 07:43:25.323868+00:00,0,1,1min,2021-06-17,7,43,1,reitan_7eleven_carlberner
25,52,2021-06-17 07:43:49.448647+00:00,1,0,1min,2021-06-17,7,43,1,reitan_7eleven_carlberner
26,52,2021-06-17 07:44:52.861274+00:00,1,0,1min,2021-06-17,7,44,1,reitan_7eleven_carlberner
27,52,2021-06-17 07:46:20.411431+00:00,0,1,1min,2021-06-17,7,46,1,reitan_7eleven_carlberner
28,52,2021-06-17 07:47:05.695014+00:00,0,1,1min,2021-06-17,7,47,1,reitan_7eleven_carlberner
29,52,2021-06-17 07:48:15.137083+00:00,1,1,1min,2021-06-17,7,48,2,reitan_7eleven_carlberner
30,52,2021-06-17 07:48:48.345806+00:00,1,1,1min,2021-06-17,7,48,2,reitan_7eleven_carlberner
31,52,2021-06-17 07:49:15.502816+00:00,0,2,1min,2021-06-17,7,49,2,reitan_7eleven_carlberner
32,52,2021-06-17 07:52:55.858223+00:00,0,1,1min,2021-06-17,7,52,1,reitan_7eleven_carlberner
33,52,2021-06-17 07:53:07.927384+00:00,0,1,1min,2021-06-17,7,53,1,reitan_7eleven_carlberner
34,52,2021-06-17 07:53:19.959748+00:00,1,0,1min,2021-06-17,7,53,1,reitan_7eleven_carlberner
35,52,2021-06-17 07:53:28.989283+00:00,1,0,1min,2021-06-17,7,53,1,reitan_7eleven_carlberner
36,52,2021-06-17 07:55:35.774733+00:00,1,1,1min,2021-06-17,7,55,2,reitan_7eleven_carlberner
37,52,2021-06-17 08:00:49.765538+00:00,0,1,1min,2021-06-17,8,0,1,reitan_7eleven_carlberner
38,52,2021-06-17 08:01:07.888381+00:00,0,1,1min,2021-06-17,8,1,1,reitan_7eleven_carlberner
39,52,2021-06-17 08:02:11.232932+00:00,0,1,1min,2021-06-17,8,2,1,reitan_7eleven_carlberner
40,52,2021-06-17 08:04:27.093720+00:00,0,1,1min,2021-06-17,8,4,1,reitan_7eleven_carlberner
41,52,2021-06-17 08:06:33.763227+00:00,1,0,1min,2021-06-17,8,6,1,reitan_7eleven_carlberner
42,52,2021-06-17 08:08:16.406518+00:00,0,1,1min,2021-06-17,8,8,1,reitan_7eleven_carlberner
43,52,2021-06-17 08:18:44.160296+00:00,0,1,1min,2021-06-17,8,18,1,reitan_7eleven_carlberner
44,52,2021-06-17 08:22:00.417321+00:00,1,1,1min,2021-06-17,8,22,2,reitan_7eleven_carlberner
45,52,2021-06-17 08:22:12.465916+00:00,1,0,1min,2021-06-17,8,22,1,reitan_7eleven_carlberner
46,52,2021-06-17 08:22:45.695865+00:00,1,0,1min,2021-06-17,8,22,1,reitan_7eleven_carlberner
47,52,2021-06-17 08:24:37.375725+00:00,0,1,1min,2021-06-17,8,24,1,reitan_7eleven_carlberner
48,52,2021-06-17 08:35:59.720652+00:00,1,0,1min,2021-06-17,8,35,1,reitan_7eleven_carlberner
49,52,2021-06-17 08:36:57.085436+00:00,0,1,1min,2021-06-17,8,36,1,reitan_7eleven_carlberner
50,52,2021-06-17 08:37:36.306386+00:00,1,0,1min,2021-06-17,8,37,1,reitan_7eleven_carlberner
51,52,2021-06-17 08:38:00.445179+00:00,0,1,1min,2021-06-17,8,38,1,reitan_7eleven_carlberner
52,52,2021-06-17 08:39:34.005187+00:00,0,1,1min,2021-06-17,8,39,1,reitan_7eleven_carlberner
53,52,2021-06-17 08:40:13.219349+00:00,0,1,1min,2021-06-17,8,40,1,reitan_7eleven_carlberner
54,52,2021-06-17 08:41:37.727750+00:00,1,0,1min,2021-06-17,8,41,1,reitan_7eleven_carlberner
55,52,2021-06-17 08:42:16.928788+00:00,1,0,1min,2021-06-17,8,42,1,reitan_7eleven_carlberner
56,52,2021-06-17 08:45:05.893910+00:00,0,1,1min,2021-06-17,8,45,1,reitan_7eleven_carlberner
57,52,2021-06-17 08:48:55.327402+00:00,0,1,1min,2021-06-17,8,48,1,reitan_7eleven_carlberner
58,52,2021-06-17 08:49:16.420722+00:00,0,1,1min,2021-06-17,8,49,1,reitan_7eleven_carlberner
59,52,2021-06-17 08:53:57.264147+00:00,1,0,1min,2021-06-17,8,53,1,reitan_7eleven_carlberner
60,52,2021-06-17 09:08:50.816811+00:00,0,1,1min,2021-06-17,9,8,1,reitan_7eleven_carlberner
61,52,2021-06-17 09:12:43.183408+00:00,0,1,1min,2021-06-17,9,12,1,reitan_7eleven_carlberner
62,52,2021-06-17 09:13:43.548667+00:00,1,0,1min,2021-06-17,9,13,1,reitan_7eleven_carlberner
63,52,2021-06-17 09:16:59.682433+00:00,0,1,1min,2021-06-17,9,16,1,reitan_7eleven_carlberner
64,52,2021-06-17 09:17:41.976310+00:00,1,0,1min,2021-06-17,9,17,1,reitan_7eleven_carlberner
65,52,2021-06-17 09:20:37.039387+00:00,0,1,1min,2021-06-17,9,20,1,reitan_7eleven_carlberner
66,52,2021-06-17 09:21:07.225494+00:00,1,0,1min,2021-06-17,9,21,1,reitan_7eleven_carlberner
67,52,2021-06-17 09:24:32.633573+00:00,0,1,1min,2021-06-17,9,24,1,reitan_7eleven_carlberner
68,52,2021-06-17 09:25:39.028973+00:00,1,1,1min,2021-06-17,9,25,2,reitan_7eleven_carlberner
69,52,2021-06-17 09:27:21.754122+00:00,1,0,1min,2021-06-17,9,27,1,reitan_7eleven_carlberner
70,52,2021-06-17 09:28:13.137236+00:00,0,1,1min,2021-06-17,9,28,1,reitan_7eleven_carlberner
71,52,2021-06-17 09:31:32.560051+00:00,0,1,1min,2021-06-17,9,31,1,reitan_7eleven_carlberner
72,52,2021-06-17 09:33:30.303958+00:00,1,0,1min,2021-06-17,9,33,1,reitan_7eleven_carlberner
73,52,2021-06-17 09:36:40.533477+00:00,0,1,1min,2021-06-17,9,36,1,reitan_7eleven_carlberner
74,52,2021-06-17 09:36:52.617092+00:00,0,1,1min,2021-06-17,9,36,1,reitan_7eleven_carlberner
75,52,2021-06-17 09:37:46.924076+00:00,1,0,1min,2021-06-17,9,37,1,reitan_7eleven_carlberner
76,52,2021-06-17 09:39:14.486009+00:00,0,1,1min,2021-06-17,9,39,1,reitan_7eleven_carlberner
77,52,2021-06-17 09:40:26.956265+00:00,1,0,1min,2021-06-17,9,40,1,reitan_7eleven_carlberner
78,52,2021-06-17 09:41:51.577223+00:00,0,1,1min,2021-06-17,9,41,1,reitan_7eleven_carlberner
79,52,2021-06-17 09:44:16.596412+00:00,0,1,1min,2021-06-17,9,44,1,reitan_7eleven_carlberner
80,52,2021-06-17 09:45:50.214850+00:00,0,1,1min,2021-06-17,9,45,1,reitan_7eleven_carlberner
81,52,2021-06-17 09:47:23.665783+00:00,1,0,1min,2021-06-17,9,47,1,reitan_7eleven_carlberner
82,52,2021-06-17 09:48:30.082747+00:00,0,1,1min,2021-06-17,9,48,1,reitan_7eleven_carlberner
83,52,2021-06-17 09:49:12.322017+00:00,0,2,1min,2021-06-17,9,49,2,reitan_7eleven_carlberner
84,52,2021-06-17 09:50:03.650223+00:00,1,1,1min,2021-06-17,9,50,2,reitan_7eleven_carlberner
85,52,2021-06-17 09:50:24.768015+00:00,0,1,1min,2021-06-17,9,50,1,reitan_7eleven_carlberner
86,52,2021-06-17 09:51:34.259665+00:00,1,0,1min,2021-06-17,9,51,1,reitan_7eleven_carlberner
87,52,2021-06-17 09:52:19.573910+00:00,1,0,1min,2021-06-17,9,52,1,reitan_7eleven_carlberner
88,52,2021-06-17 09:52:55.776261+00:00,0,1,1min,2021-06-17,9,52,1,reitan_7eleven_carlberner
89,52,2021-06-17 09:54:17.310015+00:00,0,1,1min,2021-06-17,9,54,1,reitan_7eleven_carlberner
90,52,2021-06-17 09:55:14.677748+00:00,1,0,1min,2021-06-17,9,55,1,reitan_7eleven_carlberner
91,52,2021-06-17 09:56:09.061621+00:00,0,1,1min,2021-06-17,9,56,1,reitan_7eleven_carlberner
92,52,2021-06-17 09:56:36.260505+00:00,1,2,1min,2021-06-17,9,56,3,reitan_7eleven_carlberner
93,52,2021-06-17 10:02:20.709555+00:00,0,1,1min,2021-06-17,10,2,1,reitan_7eleven_carlberner
94,52,2021-06-17 10:02:38.798959+00:00,1,0,1min,2021-06-17,10,2,1,reitan_7eleven_carlberner
95,52,2021-06-17 10:03:05.999412+00:00,0,1,1min,2021-06-17,10,3,1,reitan_7eleven_carlberner
96,52,2021-06-17 10:03:48.307379+00:00,1,0,1min,2021-06-17,10,3,1,reitan_7eleven_carlberner
97,52,2021-06-17 10:03:54.367550+00:00,0,1,1min,2021-06-17,10,3,1,reitan_7eleven_carlberner
98,52,2021-06-17 10:05:46.054536+00:00,1,2,1min,2021-06-17,10,5,3,reitan_7eleven_carlberner
99,52,2021-06-17 10:06:07.148232+00:00,1,1,1min,2021-06-17,10,6,2,reitan_7eleven_carlberner
100,52,2021-06-17 10:07:07.595150+00:00,0,1,1min,2021-06-17,10,7,1,reitan_7eleven_carlberner
101,52,2021-06-17 10:07:22.683764+00:00,1,0,1min,2021-06-17,10,7,1,reitan_7eleven_carlberner
102,52,2021-06-17 10:07:25.700895+00:00,1,0,1min,2021-06-17,10,7,1,reitan_7eleven_carlberner
103,52,2021-06-17 10:08:23.061507+00:00,1,0,1min,2021-06-17,10,8,1,reitan_7eleven_carlberner
104,52,2021-06-17 10:09:41.555504+00:00,0,1,1min,2021-06-17,10,9,1,reitan_7eleven_carlberner
105,52,2021-06-17 10:11:09.060746+00:00,1,2,1min,2021-06-17,10,11,3,reitan_7eleven_carlberner
106,52,2021-06-17 10:12:12.422761+00:00,1,0,1min,2021-06-17,10,12,1,reitan_7eleven_carlberner
107,52,2021-06-17 10:13:24.767387+00:00,1,0,1min,2021-06-17,10,13,1,reitan_7eleven_carlberner
108,52,2021-06-17 10:14:25.157179+00:00,0,1,1min,2021-06-17,10,14,1,reitan_7eleven_carlberner
109,52,2021-06-17 10:15:19.516833+00:00,0,2,1min,2021-06-17,10,15,2,reitan_7eleven_carlberner
110,52,2021-06-17 10:16:13.815995+00:00,0,1,1min,2021-06-17,10,16,1,reitan_7eleven_carlberner
111,52,2021-06-17 10:18:50.962173+00:00,1,0,1min,2021-06-17,10,18,1,reitan_7eleven_carlberner
112,52,2021-06-17 10:24:56.428980+00:00,0,2,1min,2021-06-17,10,24,2,reitan_7eleven_carlberner
113,52,2021-06-17 10:25:20.540120+00:00,1,0,1min,2021-06-17,10,25,1,reitan_7eleven_carlberner
114,52,2021-06-17 10:27:00.175890+00:00,0,2,1min,2021-06-17,10,27,2,reitan_7eleven_carlberner
115,52,2021-06-17 10:28:33.714210+00:00,1,0,1min,2021-06-17,10,28,1,reitan_7eleven_carlberner
116,52,2021-06-17 10:30:40.490898+00:00,1,0,1min,2021-06-17,10,30,1,reitan_7eleven_carlberner
117,52,2021-06-17 10:31:43.886933+00:00,0,1,1min,2021-06-17,10,31,1,reitan_7eleven_carlberner
118,52,2021-06-17 10:32:20.115578+00:00,1,1,1min,2021-06-17,10,32,2,reitan_7eleven_carlberner
119,52,2021-06-17 10:38:43.535393+00:00,0,1,1min,2021-06-17,10,38,1,reitan_7eleven_carlberner
120,52,2021-06-17 10:39:07.665560+00:00,0,1,1min,2021-06-17,10,39,1,reitan_7eleven_carlberner
121,52,2021-06-17 10:39:40.876798+00:00,1,1,1min,2021-06-17,10,39,2,reitan_7eleven_carlberner
122,52,2021-06-17 10:40:41.284276+00:00,1,0,1min,2021-06-17,10,40,1,reitan_7eleven_carlberner
123,52,2021-06-17 10:40:59.414659+00:00,0,1,1min,2021-06-17,10,40,1,reitan_7eleven_carlberner
124,52,2021-06-17 10:41:38.607008+00:00,0,1,1min,2021-06-17,10,41,1,reitan_7eleven_carlberner
125,52,2021-06-17 10:42:29.956287+00:00,1,1,1min,2021-06-17,10,42,2,reitan_7eleven_carlberner
126,52,2021-06-17 10:43:12.149041+00:00,1,1,1min,2021-06-17,10,43,2,reitan_7eleven_carlberner
127,52,2021-06-17 10:44:06.419910+00:00,1,0,1min,2021-06-17,10,44,1,reitan_7eleven_carlberner
128,52,2021-06-17 10:46:04.225349+00:00,0,1,1min,2021-06-17,10,46,1,reitan_7eleven_carlberner
129,52,2021-06-17 10:47:28.843073+00:00,1,0,1min,2021-06-17,10,47,1,reitan_7eleven_carlberner
130,52,2021-06-17 10:48:47.402899+00:00,0,1,1min,2021-06-17,10,48,1,reitan_7eleven_carlberner
131,52,2021-06-17 10:49:11.542199+00:00,1,0,1min,2021-06-17,10,49,1,reitan_7eleven_carlberner
132,52,2021-06-17 10:49:53.875768+00:00,0,1,1min,2021-06-17,10,49,1,reitan_7eleven_carlberner
133,52,2021-06-17 10:50:36.136606+00:00,1,1,1min,2021-06-17,10,50,2,reitan_7eleven_carlberner
134,52,2021-06-17 10:52:40.001713+00:00,0,1,1min,2021-06-17,10,52,1,reitan_7eleven_carlberner
135,52,2021-06-17 10:53:19.169043+00:00,0,1,1min,2021-06-17,10,53,1,reitan_7eleven_carlberner
136,52,2021-06-17 10:54:07.473615+00:00,1,0,1min,2021-06-17,10,54,1,reitan_7eleven_carlberner
137,52,2021-06-17 10:54:25.566425+00:00,0,1,1min,2021-06-17,10,54,1,reitan_7eleven_carlberner
138,52,2021-06-17 10:55:22.919912+00:00,1,0,1min,2021-06-17,10,55,1,reitan_7eleven_carlberner
139,52,2021-06-17 10:55:37.968778+00:00,1,0,1min,2021-06-17,10,55,1,reitan_7eleven_carlberner
140,52,2021-06-17 10:55:50.039147+00:00,0,1,1min,2021-06-17,10,55,1,reitan_7eleven_carlberner
141,52,2021-06-17 10:56:29.233760+00:00,0,2,1min,2021-06-17,10,56,2,reitan_7eleven_carlberner
142,52,2021-06-17 10:57:08.554291+00:00,1,0,1min,2021-06-17,10,57,1,reitan_7eleven_carlberner
143,52,2021-06-17 10:57:59.813818+00:00,1,0,1min,2021-06-17,10,57,1,reitan_7eleven_carlberner
144,52,2021-06-17 10:59:00.158879+00:00,0,1,1min,2021-06-17,10,59,1,reitan_7eleven_carlberner
145,52,2021-06-17 11:00:45.819770+00:00,1,1,1min,2021-06-17,11,0,2,reitan_7eleven_carlberner
146,52,2021-06-17 11:01:25.022227+00:00,1,0,1min,2021-06-17,11,1,1,reitan_7eleven_carlberner
147,52,2021-06-17 11:02:01.275521+00:00,0,1,1min,2021-06-17,11,2,1,reitan_7eleven_carlberner
148,52,2021-06-17 11:08:54.890694+00:00,0,1,1min,2021-06-17,11,8,1,reitan_7eleven_carlberner
149,52,2021-06-17 11:10:07.393357+00:00,1,0,1min,2021-06-17,11,10,1,reitan_7eleven_carlberner
150,52,2021-06-17 11:11:35.022631+00:00,0,1,1min,2021-06-17,11,11,1,reitan_7eleven_carlberner
151,52,2021-06-17 11:11:38.030356+00:00,0,1,1min,2021-06-17,11,11,1,reitan_7eleven_carlberner
152,52,2021-06-17 11:11:56.164405+00:00,1,0,1min,2021-06-17,11,11,1,reitan_7eleven_carlberner
153,52,2021-06-17 11:14:24.165638+00:00,0,1,1min,2021-06-17,11,14,1,reitan_7eleven_carlberner
154,52,2021-06-17 11:15:09.511864+00:00,1,0,1min,2021-06-17,11,15,1,reitan_7eleven_carlberner
155,52,2021-06-17 11:15:51.806701+00:00,0,1,1min,2021-06-17,11,15,1,reitan_7eleven_carlberner
156,52,2021-06-17 11:16:28.034096+00:00,0,1,1min,2021-06-17,11,16,1,reitan_7eleven_carlberner
157,52,2021-06-17 11:18:10.841475+00:00,1,0,1min,2021-06-17,11,18,1,reitan_7eleven_carlberner
158,52,2021-06-17 11:19:08.179634+00:00,0,1,1min,2021-06-17,11,19,1,reitan_7eleven_carlberner
159,52,2021-06-17 11:19:38.348318+00:00,1,0,1min,2021-06-17,11,19,1,reitan_7eleven_carlberner
160,52,2021-06-17 11:21:08.884798+00:00,1,0,1min,2021-06-17,11,21,1,reitan_7eleven_carlberner
161,52,2021-06-17 11:22:57.618721+00:00,0,1,1min,2021-06-17,11,22,1,reitan_7eleven_carlberner
162,52,2021-06-17 11:23:39.955253+00:00,1,0,1min,2021-06-17,11,23,1,reitan_7eleven_carlberner
163,52,2021-06-17 11:25:49.731666+00:00,0,1,1min,2021-06-17,11,25,1,reitan_7eleven_carlberner
164,52,2021-06-17 11:27:17.370734+00:00,1,0,1min,2021-06-17,11,27,1,reitan_7eleven_carlberner
165,52,2021-06-17 11:29:30.200335+00:00,0,1,1min,2021-06-17,11,29,1,reitan_7eleven_carlberner
166,52,2021-06-17 11:32:04.173251+00:00,0,1,1min,2021-06-17,11,32,1,reitan_7eleven_carlberner
167,52,2021-06-17 11:33:19.626044+00:00,1,0,1min,2021-06-17,11,33,1,reitan_7eleven_carlberner
168,52,2021-06-17 11:34:38.102240+00:00,0,1,1min,2021-06-17,11,34,1,reitan_7eleven_carlberner
169,52,2021-06-17 11:35:29.431649+00:00,0,1,1min,2021-06-17,11,35,1,reitan_7eleven_carlberner
170,52,2021-06-17 11:35:44.548632+00:00,1,1,1min,2021-06-17,11,35,2,reitan_7eleven_carlberner
171,52,2021-06-17 11:35:59.667449+00:00,0,1,1min,2021-06-17,11,35,1,reitan_7eleven_carlberner
172,52,2021-06-17 11:36:32.845620+00:00,1,0,1min,2021-06-17,11,36,1,reitan_7eleven_carlberner
173,52,2021-06-17 11:38:51.688835+00:00,1,0,1min,2021-06-17,11,38,1,reitan_7eleven_carlberner
174,52,2021-06-17 11:39:30.868675+00:00,0,1,1min,2021-06-17,11,39,1,reitan_7eleven_carlberner
175,52,2021-06-17 11:40:40.395130+00:00,1,1,1min,2021-06-17,11,40,2,reitan_7eleven_carlberner
176,52,2021-06-17 11:44:56.977572+00:00,0,1,1min,2021-06-17,11,44,1,reitan_7eleven_carlberner
177,52,2021-06-17 11:45:45.351372+00:00,1,2,1min,2021-06-17,11,45,3,reitan_7eleven_carlberner
178,52,2021-06-17 11:46:06.474994+00:00,1,0,1min,2021-06-17,11,46,1,reitan_7eleven_carlberner
179,52,2021-06-17 11:47:21.901322+00:00,0,1,1min,2021-06-17,11,47,1,reitan_7eleven_carlberner
180,52,2021-06-17 11:48:34.410363+00:00,0,1,1min,2021-06-17,11,48,1,reitan_7eleven_carlberner
181,52,2021-06-17 11:49:01.575609+00:00,1,1,1min,2021-06-17,11,49,2,reitan_7eleven_carlberner
182,52,2021-06-17 11:49:28.721421+00:00,1,1,1min,2021-06-17,11,49,2,reitan_7eleven_carlberner
183,52,2021-06-17 11:50:56.339148+00:00,1,1,1min,2021-06-17,11,50,2,reitan_7eleven_carlberner
184,52,2021-06-17 11:51:26.524448+00:00,0,1,1min,2021-06-17,11,51,1,reitan_7eleven_carlberner
185,52,2021-06-17 11:55:28.186472+00:00,0,1,1min,2021-06-17,11,55,1,reitan_7eleven_carlberner
186,52,2021-06-17 11:55:55.372886+00:00,1,0,1min,2021-06-17,11,55,1,reitan_7eleven_carlberner
187,52,2021-06-17 11:58:17.328561+00:00,1,1,1min,2021-06-17,11,58,2,reitan_7eleven_carlberner
188,52,2021-06-17 11:58:26.355038+00:00,0,1,1min,2021-06-17,11,58,1,reitan_7eleven_carlberner
189,52,2021-06-17 12:01:09.392449+00:00,0,1,1min,2021-06-17,12,1,1,reitan_7eleven_carlberner
190,52,2021-06-17 12:01:18.459633+00:00,1,0,1min,2021-06-17,12,1,1,reitan_7eleven_carlberner
191,52,2021-06-17 12:01:45.666982+00:00,2,2,1min,2021-06-17,12,1,4,reitan_7eleven_carlberner
192,52,2021-06-17 12:01:57.743889+00:00,0,1,1min,2021-06-17,12,1,1,reitan_7eleven_carlberner
193,52,2021-06-17 12:03:07.165911+00:00,1,0,1min,2021-06-17,12,3,1,reitan_7eleven_carlberner
194,52,2021-06-17 12:05:50.285763+00:00,0,1,1min,2021-06-17,12,5,1,reitan_7eleven_carlberner
195,52,2021-06-17 12:05:56.314976+00:00,1,0,1min,2021-06-17,12,5,1,reitan_7eleven_carlberner
196,52,2021-06-17 12:07:02.729380+00:00,0,1,1min,2021-06-17,12,7,1,reitan_7eleven_carlberner
197,52,2021-06-17 12:07:26.883787+00:00,3,2,1min,2021-06-17,12,7,5,reitan_7eleven_carlberner
198,52,2021-06-17 12:07:51.037781+00:00,1,0,1min,2021-06-17,12,7,1,reitan_7eleven_carlberner
199,52,2021-06-17 12:10:19.017395+00:00,1,1,1min,2021-06-17,12,10,2,reitan_7eleven_carlberner
200,52,2021-06-17 12:17:58.047503+00:00,0,2,1min,2021-06-17,12,17,2,reitan_7eleven_carlberner
201,52,2021-06-17 12:18:01.059303+00:00,1,0,1min,2021-06-17,12,18,1,reitan_7eleven_carlberner
202,52,2021-06-17 12:18:28.245926+00:00,0,1,1min,2021-06-17,12,18,1,reitan_7eleven_carlberner
203,52,2021-06-17 12:19:10.534539+00:00,1,1,1min,2021-06-17,12,19,2,reitan_7eleven_carlberner
204,52,2021-06-17 12:19:58.756403+00:00,1,0,1min,2021-06-17,12,19,1,reitan_7eleven_carlberner
205,52,2021-06-17 12:22:41.775759+00:00,0,1,1min,2021-06-17,12,22,1,reitan_7eleven_carlberner
206,52,2021-06-17 12:22:56.890879+00:00,0,1,1min,2021-06-17,12,22,1,reitan_7eleven_carlberner
207,52,2021-06-17 12:23:30.125292+00:00,1,1,1min,2021-06-17,12,23,2,reitan_7eleven_carlberner
208,52,2021-06-17 12:25:00.524592+00:00,2,0,1min,2021-06-17,12,25,2,reitan_7eleven_carlberner
209,52,2021-06-17 12:28:52.889075+00:00,1,1,1min,2021-06-17,12,28,2,reitan_7eleven_carlberner
210,52,2021-06-17 12:35:49.516742+00:00,0,1,1min,2021-06-17,12,35,1,reitan_7eleven_carlberner
211,52,2021-06-17 12:36:52.914806+00:00,1,0,1min,2021-06-17,12,36,1,reitan_7eleven_carlberner
212,52,2021-06-17 12:43:22.487855+00:00,0,1,1min,2021-06-17,12,43,1,reitan_7eleven_carlberner
213,52,2021-06-17 12:45:02.212442+00:00,1,0,1min,2021-06-17,12,45,1,reitan_7eleven_carlberner
214,52,2021-06-17 12:46:29.732052+00:00,0,1,1min,2021-06-17,12,46,1,reitan_7eleven_carlberner
215,52,2021-06-17 12:47:48.272644+00:00,1,0,1min,2021-06-17,12,47,1,reitan_7eleven_carlberner
216,52,2021-06-17 12:49:03.770980+00:00,0,1,1min,2021-06-17,12,49,1,reitan_7eleven_carlberner
217,52,2021-06-17 12:50:37.420047+00:00,1,0,1min,2021-06-17,12,50,1,reitan_7eleven_carlberner
218,52,2021-06-17 12:56:39.847049+00:00,0,1,1min,2021-06-17,12,56,1,reitan_7eleven_carlberner
219,52,2021-06-17 12:57:10.059835+00:00,1,1,1min,2021-06-17,12,57,2,reitan_7eleven_carlberner
220,52,2021-06-17 12:59:37.842360+00:00,1,1,1min,2021-06-17,12,59,2,reitan_7eleven_carlberner
221,52,2021-06-17 12:59:59.006130+00:00,0,1,1min,2021-06-17,12,59,1,reitan_7eleven_carlberner
222,52,2021-06-17 13:00:59.465934+00:00,1,0,1min,2021-06-17,13,0,1,reitan_7eleven_carlberner
223,52,2021-06-17 13:01:20.609838+00:00,1,0,1min,2021-06-17,13,1,1,reitan_7eleven_carlberner
224,52,2021-06-17 13:02:02.802382+00:00,0,1,1min,2021-06-17,13,2,1,reitan_7eleven_carlberner
225,52,2021-06-17 13:02:47.976562+00:00,1,0,1min,2021-06-17,13,2,1,reitan_7eleven_carlberner
226,52,2021-06-17 13:13:01.009155+00:00,0,2,1min,2021-06-17,13,13,2,reitan_7eleven_carlberner
227,52,2021-06-17 13:15:10.833012+00:00,1,0,1min,2021-06-17,13,15,1,reitan_7eleven_carlberner
228,52,2021-06-17 13:16:47.327955+00:00,1,0,1min,2021-06-17,13,16,1,reitan_7eleven_carlberner
229,52,2021-06-17 13:19:00.084540+00:00,0,1,1min,2021-06-17,13,19,1,reitan_7eleven_carlberner
230,52,2021-06-17 13:19:39.314333+00:00,0,1,1min,2021-06-17,13,19,1,reitan_7eleven_carlberner
231,52,2021-06-17 13:20:24.576722+00:00,1,1,1min,2021-06-17,13,20,2,reitan_7eleven_carlberner
232,52,2021-06-17 13:20:33.629528+00:00,1,0,1min,2021-06-17,13,20,1,reitan_7eleven_carlberner
233,52,2021-06-17 13:22:25.346249+00:00,0,1,1min,2021-06-17,13,22,1,reitan_7eleven_carlberner
234,52,2021-06-17 13:22:55.617264+00:00,1,0,1min,2021-06-17,13,22,1,reitan_7eleven_carlberner
235,52,2021-06-17 13:24:08.079886+00:00,1,0,1min,2021-06-17,13,24,1,reitan_7eleven_carlberner
236,52,2021-06-17 13:27:27.499416+00:00,0,1,1min,2021-06-17,13,27,1,reitan_7eleven_carlberner
237,52,2021-06-17 13:28:06.763522+00:00,1,0,1min,2021-06-17,13,28,1,reitan_7eleven_carlberner
238,52,2021-06-17 13:30:13.499180+00:00,1,1,1min,2021-06-17,13,30,2,reitan_7eleven_carlberner
239,52,2021-06-17 13:30:58.757236+00:00,0,1,1min,2021-06-17,13,30,1,reitan_7eleven_carlberner
240,52,2021-06-17 13:31:25.920238+00:00,1,0,1min,2021-06-17,13,31,1,reitan_7eleven_carlberner
241,52,2021-06-17 13:32:11.224171+00:00,0,1,1min,2021-06-17,13,32,1,reitan_7eleven_carlberner
242,52,2021-06-17 13:33:20.685750+00:00,1,0,1min,2021-06-17,13,33,1,reitan_7eleven_carlberner
243,52,2021-06-17 13:33:59.970362+00:00,0,1,1min,2021-06-17,13,33,1,reitan_7eleven_carlberner
244,52,2021-06-17 13:35:45.565938+00:00,0,1,1min,2021-06-17,13,35,1,reitan_7eleven_carlberner
245,52,2021-06-17 13:37:28.153768+00:00,1,0,1min,2021-06-17,13,37,1,reitan_7eleven_carlberner
246,52,2021-06-17 13:40:53.558169+00:00,0,1,1min,2021-06-17,13,40,1,reitan_7eleven_carlberner
247,52,2021-06-17 13:41:05.669801+00:00,0,1,1min,2021-06-17,13,41,1,reitan_7eleven_carlberner
248,52,2021-06-17 13:42:03.057068+00:00,1,0,1min,2021-06-17,13,42,1,reitan_7eleven_carlberner
249,52,2021-06-17 13:46:16.645759+00:00,1,0,1min,2021-06-17,13,46,1,reitan_7eleven_carlberner
250,52,2021-06-17 13:47:19.933607+00:00,0,1,1min,2021-06-17,13,47,1,reitan_7eleven_carlberner
251,52,2021-06-17 13:48:17.192294+00:00,1,0,1min,2021-06-17,13,48,1,reitan_7eleven_carlberner
252,52,2021-06-17 13:50:02.908828+00:00,0,1,1min,2021-06-17,13,50,1,reitan_7eleven_carlberner
253,52,2021-06-17 13:50:45.171951+00:00,2,2,1min,2021-06-17,13,50,4,reitan_7eleven_carlberner
254,52,2021-06-17 13:55:35.022297+00:00,0,1,1min,2021-06-17,13,55,1,reitan_7eleven_carlberner
255,52,2021-06-17 13:58:18.175098+00:00,1,0,1min,2021-06-17,13,58,1,reitan_7eleven_carlberner
256,52,2021-06-17 14:00:34.079314+00:00,1,0,1min,2021-06-17,14,0,1,reitan_7eleven_carlberner
257,52,2021-06-17 14:08:13.159713+00:00,0,1,1min,2021-06-17,14,8,1,reitan_7eleven_carlberner
258,52,2021-06-17 14:09:46.758633+00:00,0,1,1min,2021-06-17,14,9,1,reitan_7eleven_carlberner
259,52,2021-06-17 14:11:26.458790+00:00,1,0,1min,2021-06-17,14,11,1,reitan_7eleven_carlberner
260,52,2021-06-17 14:14:36.715533+00:00,1,0,1min,2021-06-17,14,14,1,reitan_7eleven_carlberner
261,52,2021-06-17 14:20:30.083455+00:00,0,2,1min,2021-06-17,14,20,2,reitan_7eleven_carlberner
262,52,2021-06-17 14:21:48.735213+00:00,1,1,1min,2021-06-17,14,21,2,reitan_7eleven_carlberner
263,52,2021-06-17 14:23:58.538172+00:00,0,1,1min,2021-06-17,14,23,1,reitan_7eleven_carlberner
264,52,2021-06-17 14:24:19.702123+00:00,1,0,1min,2021-06-17,14,24,1,reitan_7eleven_carlberner
265,52,2021-06-17 14:25:56.407629+00:00,0,1,1min,2021-06-17,14,25,1,reitan_7eleven_carlberner
266,52,2021-06-17 14:26:17.539591+00:00,1,1,1min,2021-06-17,14,26,2,reitan_7eleven_carlberner
267,52,2021-06-17 14:27:17.944515+00:00,0,1,1min,2021-06-17,14,27,1,reitan_7eleven_carlberner
268,52,2021-06-17 14:28:12.229028+00:00,1,0,1min,2021-06-17,14,28,1,reitan_7eleven_carlberner
269,52,2021-06-17 14:32:16.693480+00:00,1,0,1min,2021-06-17,14,32,1,reitan_7eleven_carlberner
270,52,2021-06-17 14:34:05.448237+00:00,0,1,1min,2021-06-17,14,34,1,reitan_7eleven_carlberner
271,52,2021-06-17 14:34:44.633545+00:00,1,0,1min,2021-06-17,14,34,1,reitan_7eleven_carlberner
272,52,2021-06-17 14:36:27.303914+00:00,0,1,1min,2021-06-17,14,36,1,reitan_7eleven_carlberner
273,52,2021-06-17 14:36:45.441469+00:00,1,0,1min,2021-06-17,14,36,1,reitan_7eleven_carlberner
274,52,2021-06-17 14:38:13.049989+00:00,0,1,1min,2021-06-17,14,38,1,reitan_7eleven_carlberner
275,52,2021-06-17 14:39:04.435185+00:00,0,1,1min,2021-06-17,14,39,1,reitan_7eleven_carlberner
276,52,2021-06-17 14:39:16.522547+00:00,0,1,1min,2021-06-17,14,39,1,reitan_7eleven_carlberner
277,52,2021-06-17 14:39:40.702314+00:00,0,1,1min,2021-06-17,14,39,1,reitan_7eleven_carlberner
278,52,2021-06-17 14:40:16.943615+00:00,0,1,1min,2021-06-17,14,40,1,reitan_7eleven_carlberner
279,52,2021-06-17 14:40:38.061161+00:00,1,0,1min,2021-06-17,14,40,1,reitan_7eleven_carlberner
280,52,2021-06-17 14:40:53.179557+00:00,1,0,1min,2021-06-17,14,40,1,reitan_7eleven_carlberner
281,52,2021-06-17 14:42:05.545511+00:00,1,0,1min,2021-06-17,14,42,1,reitan_7eleven_carlberner
282,52,2021-06-17 14:44:27.536043+00:00,0,1,1min,2021-06-17,14,44,1,reitan_7eleven_carlberner
283,52,2021-06-17 14:44:54.688113+00:00,0,1,1min,2021-06-17,14,44,1,reitan_7eleven_carlberner
284,52,2021-06-17 14:45:33.902667+00:00,0,1,1min,2021-06-17,14,45,1,reitan_7eleven_carlberner
285,52,2021-06-17 14:45:36.911233+00:00,0,1,1min,2021-06-17,14,45,1,reitan_7eleven_carlberner
286,52,2021-06-17 14:45:55.004385+00:00,1,0,1min,2021-06-17,14,45,1,reitan_7eleven_carlberner
287,52,2021-06-17 14:45:58.035835+00:00,0,1,1min,2021-06-17,14,45,1,reitan_7eleven_carlberner
288,52,2021-06-17 14:46:19.159772+00:00,1,0,1min,2021-06-17,14,46,1,reitan_7eleven_carlberner
289,52,2021-06-17 14:46:31.220672+00:00,0,1,1min,2021-06-17,14,46,1,reitan_7eleven_carlberner
290,52,2021-06-17 14:47:46.754342+00:00,1,1,1min,2021-06-17,14,47,2,reitan_7eleven_carlberner
291,52,2021-06-17 14:48:47.065859+00:00,0,1,1min,2021-06-17,14,48,1,reitan_7eleven_carlberner
292,52,2021-06-17 14:49:05.196779+00:00,1,0,1min,2021-06-17,14,49,1,reitan_7eleven_carlberner
293,52,2021-06-17 14:51:06.046368+00:00,0,1,1min,2021-06-17,14,51,1,reitan_7eleven_carlberner
294,52,2021-06-17 14:52:30.488203+00:00,0,1,1min,2021-06-17,14,52,1,reitan_7eleven_carlberner
295,52,2021-06-17 14:52:57.648131+00:00,0,1,1min,2021-06-17,14,52,1,reitan_7eleven_carlberner
296,52,2021-06-17 14:57:47.425345+00:00,0,1,1min,2021-06-17,14,57,1,reitan_7eleven_carlberner
297,52,2021-06-17 14:58:14.567828+00:00,0,4,1min,2021-06-17,14,58,4,reitan_7eleven_carlberner
298,52,2021-06-17 15:00:21.412843+00:00,2,0,1min,2021-06-17,15,0,2,reitan_7eleven_carlberner
299,52,2021-06-17 15:00:54.551744+00:00,0,1,1min,2021-06-17,15,0,1,reitan_7eleven_carlberner
300,52,2021-06-17 15:01:09.609217+00:00,0,1,1min,2021-06-17,15,1,1,reitan_7eleven_carlberner
301,52,2021-06-17 15:02:10.016886+00:00,1,2,1min,2021-06-17,15,2,3,reitan_7eleven_carlberner
302,52,2021-06-17 15:02:16.062997+00:00,1,0,1min,2021-06-17,15,2,1,reitan_7eleven_carlberner
303,52,2021-06-17 15:02:49.268989+00:00,0,1,1min,2021-06-17,15,2,1,reitan_7eleven_carlberner
304,52,2021-06-17 15:03:37.536023+00:00,1,0,1min,2021-06-17,15,3,1,reitan_7eleven_carlberner
305,52,2021-06-17 15:04:34.937610+00:00,0,1,1min,2021-06-17,15,4,1,reitan_7eleven_carlberner
306,52,2021-06-17 15:05:41.336775+00:00,1,0,1min,2021-06-17,15,5,1,reitan_7eleven_carlberner
307,52,2021-06-17 15:07:39.033508+00:00,1,0,1min,2021-06-17,15,7,1,reitan_7eleven_carlberner
308,52,2021-06-17 15:09:21.676322+00:00,1,1,1min,2021-06-17,15,9,2,reitan_7eleven_carlberner
309,52,2021-06-17 15:09:57.868656+00:00,1,0,1min,2021-06-17,15,9,1,reitan_7eleven_carlberner
310,52,2021-06-17 15:16:24.280659+00:00,0,2,1min,2021-06-17,15,16,2,reitan_7eleven_carlberner
311,52,2021-06-17 15:16:57.475933+00:00,1,0,1min,2021-06-17,15,16,1,reitan_7eleven_carlberner
312,52,2021-06-17 15:18:34.090183+00:00,0,2,1min,2021-06-17,15,18,2,reitan_7eleven_carlberner
313,52,2021-06-17 15:19:22.352316+00:00,2,0,1min,2021-06-17,15,19,2,reitan_7eleven_carlberner
314,52,2021-06-17 15:19:43.464217+00:00,0,1,1min,2021-06-17,15,19,1,reitan_7eleven_carlberner
315,52,2021-06-17 15:20:55.912103+00:00,2,0,1min,2021-06-17,15,20,2,reitan_7eleven_carlberner
316,52,2021-06-17 15:27:10.532042+00:00,0,1,1min,2021-06-17,15,27,1,reitan_7eleven_carlberner
317,52,2021-06-17 15:28:16.883356+00:00,0,1,1min,2021-06-17,15,28,1,reitan_7eleven_carlberner
318,52,2021-06-17 15:30:11.698843+00:00,1,1,1min,2021-06-17,15,30,2,reitan_7eleven_carlberner
319,52,2021-06-17 15:31:21.177956+00:00,0,1,1min,2021-06-17,15,31,1,reitan_7eleven_carlberner
320,52,2021-06-17 15:33:55.235153+00:00,1,0,1min,2021-06-17,15,33,1,reitan_7eleven_carlberner
321,52,2021-06-17 15:35:34.840383+00:00,1,0,1min,2021-06-17,15,35,1,reitan_7eleven_carlberner
322,52,2021-06-17 15:39:39.504522+00:00,0,1,1min,2021-06-17,15,39,1,reitan_7eleven_carlberner
323,52,2021-06-17 15:40:27.803004+00:00,0,1,1min,2021-06-17,15,40,1,reitan_7eleven_carlberner
324,52,2021-06-17 15:42:10.569531+00:00,0,1,1min,2021-06-17,15,42,1,reitan_7eleven_carlberner
325,52,2021-06-17 15:42:16.607954+00:00,1,0,1min,2021-06-17,15,42,1,reitan_7eleven_carlberner
326,52,2021-06-17 15:42:52.853049+00:00,0,1,1min,2021-06-17,15,42,1,reitan_7eleven_carlberner
327,52,2021-06-17 15:43:59.270858+00:00,0,2,1min,2021-06-17,15,43,2,reitan_7eleven_carlberner
328,52,2021-06-17 15:44:41.571222+00:00,1,1,1min,2021-06-17,15,44,2,reitan_7eleven_carlberner
329,52,2021-06-17 15:44:59.687641+00:00,1,0,1min,2021-06-17,15,44,1,reitan_7eleven_carlberner
330,52,2021-06-17 15:45:20.813400+00:00,1,0,1min,2021-06-17,15,45,1,reitan_7eleven_carlberner
331,52,2021-06-17 15:45:32.856979+00:00,1,0,1min,2021-06-17,15,45,1,reitan_7eleven_carlberner
332,52,2021-06-17 15:47:27.490401+00:00,0,1,1min,2021-06-17,15,47,1,reitan_7eleven_carlberner
333,52,2021-06-17 15:49:37.433362+00:00,1,0,1min,2021-06-17,15,49,1,reitan_7eleven_carlberner
334,52,2021-06-17 15:50:16.698380+00:00,1,1,1min,2021-06-17,15,50,2,reitan_7eleven_carlberner
335,52,2021-06-17 15:54:00.216933+00:00,1,0,1min,2021-06-17,15,54,1,reitan_7eleven_carlberner
336,52,2021-06-17 15:55:57.984929+00:00,1,0,1min,2021-06-17,15,55,1,reitan_7eleven_carlberner
337,52,2021-06-17 15:58:19.839144+00:00,0,2,1min,2021-06-17,15,58,2,reitan_7eleven_carlberner
338,52,2021-06-17 16:04:13.461147+00:00,0,1,1min,2021-06-17,16,4,1,reitan_7eleven_carlberner
339,52,2021-06-17 16:07:17.599686+00:00,0,1,1min,2021-06-17,16,7,1,reitan_7eleven_carlberner
340,52,2021-06-17 16:07:38.726153+00:00,0,2,1min,2021-06-17,16,7,2,reitan_7eleven_carlberner
341,52,2021-06-17 16:07:47.766470+00:00,1,0,1min,2021-06-17,16,7,1,reitan_7eleven_carlberner
342,52,2021-06-17 16:08:17.980998+00:00,1,0,1min,2021-06-17,16,8,1,reitan_7eleven_carlberner
343,52,2021-06-17 16:08:57.163163+00:00,0,1,1min,2021-06-17,16,8,1,reitan_7eleven_carlberner
344,52,2021-06-17 16:11:03.889759+00:00,1,1,1min,2021-06-17,16,11,2,reitan_7eleven_carlberner
345,52,2021-06-17 16:13:25.733302+00:00,0,1,1min,2021-06-17,16,13,1,reitan_7eleven_carlberner
346,52,2021-06-17 16:14:02.031596+00:00,0,1,1min,2021-06-17,16,14,1,reitan_7eleven_carlberner
347,52,2021-06-17 16:15:23.593923+00:00,0,1,1min,2021-06-17,16,15,1,reitan_7eleven_carlberner
348,52,2021-06-17 16:16:08.911524+00:00,0,1,1min,2021-06-17,16,16,1,reitan_7eleven_carlberner
349,52,2021-06-17 16:20:52.978200+00:00,0,1,1min,2021-06-17,16,20,1,reitan_7eleven_carlberner
350,52,2021-06-17 16:21:50.353054+00:00,0,1,1min,2021-06-17,16,21,1,reitan_7eleven_carlberner
351,52,2021-06-17 16:22:44.630708+00:00,1,0,1min,2021-06-17,16,22,1,reitan_7eleven_carlberner
352,52,2021-06-17 16:22:59.759430+00:00,1,0,1min,2021-06-17,16,22,1,reitan_7eleven_carlberner
353,52,2021-06-17 16:25:36.890154+00:00,0,1,1min,2021-06-17,16,25,1,reitan_7eleven_carlberner
354,52,2021-06-17 16:26:19.114262+00:00,1,1,1min,2021-06-17,16,26,2,reitan_7eleven_carlberner
355,52,2021-06-17 16:27:13.492316+00:00,1,0,1min,2021-06-17,16,27,1,reitan_7eleven_carlberner
356,52,2021-06-17 16:34:49.635084+00:00,0,1,1min,2021-06-17,16,34,1,reitan_7eleven_carlberner
357,52,2021-06-17 16:35:38.028250+00:00,1,0,1min,2021-06-17,16,35,1,reitan_7eleven_carlberner
358,52,2021-06-17 16:39:03.436924+00:00,0,2,1min,2021-06-17,16,39,2,reitan_7eleven_carlberner
359,52,2021-06-17 16:39:18.527690+00:00,1,1,1min,2021-06-17,16,39,2,reitan_7eleven_carlberner
360,52,2021-06-17 16:39:39.669957+00:00,1,0,1min,2021-06-17,16,39,1,reitan_7eleven_carlberner
361,52,2021-06-17 16:47:24.952930+00:00,0,1,1min,2021-06-17,16,47,1,reitan_7eleven_carlberner
362,52,2021-06-17 16:48:10.304656+00:00,1,0,1min,2021-06-17,16,48,1,reitan_7eleven_carlberner
363,52,2021-06-17 16:52:35.904498+00:00,0,1,1min,2021-06-17,16,52,1,reitan_7eleven_carlberner
364,52,2021-06-17 16:55:19.010064+00:00,0,1,1min,2021-06-17,16,55,1,reitan_7eleven_carlberner
365,52,2021-06-17 16:55:49.201763+00:00,1,0,1min,2021-06-17,16,55,1,reitan_7eleven_carlberner
366,52,2021-06-17 16:56:28.492448+00:00,0,1,1min,2021-06-17,16,56,1,reitan_7eleven_carlberner
367,52,2021-06-17 16:59:23.769149+00:00,1,0,1min,2021-06-17,16,59,1,reitan_7eleven_carlberner
368,52,2021-06-17 17:01:39.507338+00:00,0,1,1min,2021-06-17,17,1,1,reitan_7eleven_carlberner
369,52,2021-06-17 17:02:58.050663+00:00,1,1,1min,2021-06-17,17,2,2,reitan_7eleven_carlberner
370,52,2021-06-17 17:04:22.618385+00:00,1,0,1min,2021-06-17,17,4,1,reitan_7eleven_carlberner
371,52,2021-06-17 17:07:20.681622+00:00,0,1,1min,2021-06-17,17,7,1,reitan_7eleven_carlberner
372,52,2021-06-17 17:07:56.804518+00:00,1,1,1min,2021-06-17,17,7,2,reitan_7eleven_carlberner
373,52,2021-06-17 17:11:19.108013+00:00,0,1,1min,2021-06-17,17,11,1,reitan_7eleven_carlberner
374,52,2021-06-17 17:12:40.606113+00:00,1,0,1min,2021-06-17,17,12,1,reitan_7eleven_carlberner
375,52,2021-06-17 17:21:07.949882+00:00,0,1,1min,2021-06-17,17,21,1,reitan_7eleven_carlberner
376,52,2021-06-17 17:21:47.187093+00:00,1,0,1min,2021-06-17,17,21,1,reitan_7eleven_carlberner
377,52,2021-06-17 17:23:56.991435+00:00,0,1,1min,2021-06-17,17,23,1,reitan_7eleven_carlberner
378,52,2021-06-17 17:25:12.511119+00:00,1,0,1min,2021-06-17,17,25,1,reitan_7eleven_carlberner
379,52,2021-06-17 17:25:45.677337+00:00,0,1,1min,2021-06-17,17,25,1,reitan_7eleven_carlberner
380,52,2021-06-17 17:26:21.881529+00:00,1,0,1min,2021-06-17,17,26,1,reitan_7eleven_carlberner
381,52,2021-06-17 17:31:57.416828+00:00,1,2,1min,2021-06-17,17,31,3,reitan_7eleven_carlberner
382,52,2021-06-17 17:32:00.431715+00:00,1,0,1min,2021-06-17,17,32,1,reitan_7eleven_carlberner
383,52,2021-06-17 17:32:03.454806+00:00,1,0,1min,2021-06-17,17,32,1,reitan_7eleven_carlberner
384,52,2021-06-17 17:37:29.654017+00:00,0,1,1min,2021-06-17,17,37,1,reitan_7eleven_carlberner
385,52,2021-06-17 17:37:47.740655+00:00,1,0,1min,2021-06-17,17,37,1,reitan_7eleven_carlberner
386,52,2021-06-17 17:39:00.280343+00:00,0,1,1min,2021-06-17,17,39,1,reitan_7eleven_carlberner
387,52,2021-06-17 17:39:39.571425+00:00,2,0,1min,2021-06-17,17,39,2,reitan_7eleven_carlberner
388,52,2021-06-17 17:40:55.048753+00:00,1,0,1min,2021-06-17,17,40,1,reitan_7eleven_carlberner
389,52,2021-06-17 17:41:37.348070+00:00,0,1,1min,2021-06-17,17,41,1,reitan_7eleven_carlberner
390,52,2021-06-17 17:45:51.133861+00:00,0,1,1min,2021-06-17,17,45,1,reitan_7eleven_carlberner
391,52,2021-06-17 17:46:15.330696+00:00,0,1,1min,2021-06-17,17,46,1,reitan_7eleven_carlberner
392,52,2021-06-17 17:49:07.472644+00:00,0,1,1min,2021-06-17,17,49,1,reitan_7eleven_carlberner
393,52,2021-06-17 17:49:43.739062+00:00,0,1,1min,2021-06-17,17,49,1,reitan_7eleven_carlberner
394,52,2021-06-17 17:50:53.200907+00:00,0,1,1min,2021-06-17,17,50,1,reitan_7eleven_carlberner
395,52,2021-06-17 17:51:29.463795+00:00,1,0,1min,2021-06-17,17,51,1,reitan_7eleven_carlberner
396,52,2021-06-17 17:51:53.626914+00:00,0,1,1min,2021-06-17,17,51,1,reitan_7eleven_carlberner
397,52,2021-06-17 17:52:05.682395+00:00,1,0,1min,2021-06-17,17,52,1,reitan_7eleven_carlberner
398,52,2021-06-17 17:52:57.084499+00:00,1,0,1min,2021-06-17,17,52,1,reitan_7eleven_carlberner
399,52,2021-06-17 17:53:36.296561+00:00,1,0,1min,2021-06-17,17,53,1,reitan_7eleven_carlberner
400,52,2021-06-17 17:58:35.520679+00:00,0,1,1min,2021-06-17,17,58,1,reitan_7eleven_carlberner
401,52,2021-06-17 17:59:35.852051+00:00,1,0,1min,2021-06-17,17,59,1,reitan_7eleven_carlberner
402,52,2021-06-17 17:59:57.027851+00:00,0,1,1min,2021-06-17,17,59,1,reitan_7eleven_carlberner
403,52,2021-06-17 18:01:12.591457+00:00,1,0,1min,2021-06-17,18,1,1,reitan_7eleven_carlberner
404,52,2021-06-17 18:03:49.588754+00:00,0,1,1min,2021-06-17,18,3,1,reitan_7eleven_carlberner
405,52,2021-06-17 18:04:07.718441+00:00,1,0,1min,2021-06-17,18,4,1,reitan_7eleven_carlberner
406,52,2021-06-17 18:09:33.986344+00:00,0,1,1min,2021-06-17,18,9,1,reitan_7eleven_carlberner
407,52,2021-06-17 18:10:28.307218+00:00,0,3,1min,2021-06-17,18,10,3,reitan_7eleven_carlberner
408,52,2021-06-17 18:12:04.936790+00:00,3,1,1min,2021-06-17,18,12,4,reitan_7eleven_carlberner
409,52,2021-06-17 18:12:10.961277+00:00,0,1,1min,2021-06-17,18,12,1,reitan_7eleven_carlberner
410,52,2021-06-17 18:12:35.150780+00:00,1,0,1min,2021-06-17,18,12,1,reitan_7eleven_carlberner
411,52,2021-06-17 18:13:14.479704+00:00,1,0,1min,2021-06-17,18,13,1,reitan_7eleven_carlberner
412,52,2021-06-17 18:15:45.648995+00:00,0,1,1min,2021-06-17,18,15,1,reitan_7eleven_carlberner
413,52,2021-06-17 18:16:30.949116+00:00,0,1,1min,2021-06-17,18,16,1,reitan_7eleven_carlberner
414,52,2021-06-17 18:17:52.537158+00:00,1,0,1min,2021-06-17,18,17,1,reitan_7eleven_carlberner
415,52,2021-06-17 18:18:34.843908+00:00,1,1,1min,2021-06-17,18,18,2,reitan_7eleven_carlberner
416,52,2021-06-17 18:19:01.993210+00:00,0,1,1min,2021-06-17,18,19,1,reitan_7eleven_carlberner
417,52,2021-06-17 18:20:08.442369+00:00,1,0,1min,2021-06-17,18,20,1,reitan_7eleven_carlberner
418,52,2021-06-17 18:20:23.547130+00:00,2,0,1min,2021-06-17,18,20,2,reitan_7eleven_carlberner
419,52,2021-06-17 18:24:18.860434+00:00,0,1,1min,2021-06-17,18,24,1,reitan_7eleven_carlberner
420,52,2021-06-17 18:28:20.484778+00:00,0,1,1min,2021-06-17,18,28,1,reitan_7eleven_carlberner
421,52,2021-06-17 18:29:14.806754+00:00,0,1,1min,2021-06-17,18,29,1,reitan_7eleven_carlberner
422,52,2021-06-17 18:29:44.998223+00:00,1,0,1min,2021-06-17,18,29,1,reitan_7eleven_carlberner
423,52,2021-06-17 18:34:31.915966+00:00,0,1,1min,2021-06-17,18,34,1,reitan_7eleven_carlberner
424,52,2021-06-17 18:36:14.582544+00:00,0,1,1min,2021-06-17,18,36,1,reitan_7eleven_carlberner
425,52,2021-06-17 18:36:53.842073+00:00,1,0,1min,2021-06-17,18,36,1,reitan_7eleven_carlberner
426,52,2021-06-17 18:37:11.939415+00:00,0,1,1min,2021-06-17,18,37,1,reitan_7eleven_carlberner
427,52,2021-06-17 18:37:33.053951+00:00,0,1,1min,2021-06-17,18,37,1,reitan_7eleven_carlberner
428,52,2021-06-17 18:41:07.489396+00:00,1,1,1min,2021-06-17,18,41,2,reitan_7eleven_carlberner
429,52,2021-06-17 18:41:28.621949+00:00,1,0,1min,2021-06-17,18,41,1,reitan_7eleven_carlberner
430,52,2021-06-17 18:44:23.831315+00:00,0,1,1min,2021-06-17,18,44,1,reitan_7eleven_carlberner
431,52,2021-06-17 18:44:29.868480+00:00,0,1,1min,2021-06-17,18,44,1,reitan_7eleven_carlberner
432,52,2021-06-17 18:45:24.142893+00:00,1,0,1min,2021-06-17,18,45,1,reitan_7eleven_carlberner
433,52,2021-06-17 18:46:06.370833+00:00,0,1,1min,2021-06-17,18,46,1,reitan_7eleven_carlberner
434,52,2021-06-17 18:46:45.677531+00:00,1,0,1min,2021-06-17,18,46,1,reitan_7eleven_carlberner
435,52,2021-06-17 18:47:58.153512+00:00,0,1,1min,2021-06-17,18,47,1,reitan_7eleven_carlberner
436,52,2021-06-17 18:50:20.117720+00:00,0,1,1min,2021-06-17,18,50,1,reitan_7eleven_carlberner
437,52,2021-06-17 18:51:47.642471+00:00,0,1,1min,2021-06-17,18,51,1,reitan_7eleven_carlberner
438,52,2021-06-17 18:52:26.857687+00:00,1,1,1min,2021-06-17,18,52,2,reitan_7eleven_carlberner
439,52,2021-06-17 18:52:47.998273+00:00,1,0,1min,2021-06-17,18,52,1,reitan_7eleven_carlberner
440,52,2021-06-17 18:53:09.152059+00:00,0,2,1min,2021-06-17,18,53,2,reitan_7eleven_carlberner
441,52,2021-06-17 18:54:42.768574+00:00,2,1,1min,2021-06-17,18,54,3,reitan_7eleven_carlberner
442,52,2021-06-17 19:01:03.335306+00:00,0,2,1min,2021-06-17,19,1,2,reitan_7eleven_carlberner
443,52,2021-06-17 19:01:27.458438+00:00,1,0,1min,2021-06-17,19,1,1,reitan_7eleven_carlberner
444,52,2021-06-17 19:01:51.668549+00:00,1,0,1min,2021-06-17,19,1,1,reitan_7eleven_carlberner
445,52,2021-06-17 19:07:05.621443+00:00,0,1,1min,2021-06-17,19,7,1,reitan_7eleven_carlberner
446,52,2021-06-17 19:09:00.355959+00:00,0,1,1min,2021-06-17,19,9,1,reitan_7eleven_carlberner
447,52,2021-06-17 19:10:33.939764+00:00,1,0,1min,2021-06-17,19,10,1,reitan_7eleven_carlberner
448,52,2021-06-17 19:10:52.039441+00:00,0,1,1min,2021-06-17,19,10,1,reitan_7eleven_carlberner
449,52,2021-06-17 19:14:35.535331+00:00,0,1,1min,2021-06-17,19,14,1,reitan_7eleven_carlberner
450,52,2021-06-17 19:15:32.926085+00:00,0,1,1min,2021-06-17,19,15,1,reitan_7eleven_carlberner
451,52,2021-06-17 19:16:09.219872+00:00,1,0,1min,2021-06-17,19,16,1,reitan_7eleven_carlberner
452,52,2021-06-17 19:16:24.298244+00:00,0,1,1min,2021-06-17,19,16,1,reitan_7eleven_carlberner
453,52,2021-06-17 19:18:52.346988+00:00,1,0,1min,2021-06-17,19,18,1,reitan_7eleven_carlberner
454,52,2021-06-17 19:22:08.573665+00:00,0,1,1min,2021-06-17,19,22,1,reitan_7eleven_carlberner
455,52,2021-06-17 19:25:12.669055+00:00,0,1,1min,2021-06-17,19,25,1,reitan_7eleven_carlberner
456,52,2021-06-17 19:27:10.585426+00:00,1,0,1min,2021-06-17,19,27,1,reitan_7eleven_carlberner
457,52,2021-06-17 19:29:05.390313+00:00,0,1,1min,2021-06-17,19,29,1,reitan_7eleven_carlberner
458,52,2021-06-17 19:32:09.614924+00:00,1,0,1min,2021-06-17,19,32,1,reitan_7eleven_carlberner
459,52,2021-06-17 19:35:23.054842+00:00,0,1,1min,2021-06-17,19,35,1,reitan_7eleven_carlberner
460,52,2021-06-17 19:35:29.109418+00:00,1,0,1min,2021-06-17,19,35,1,reitan_7eleven_carlberner
461,52,2021-06-17 19:39:54.865220+00:00,1,2,1min,2021-06-17,19,39,3,reitan_7eleven_carlberner
462,52,2021-06-17 19:41:43.636527+00:00,2,0,1min,2021-06-17,19,41,2,reitan_7eleven_carlberner
463,52,2021-06-17 19:43:05.206419+00:00,0,1,1min,2021-06-17,19,43,1,reitan_7eleven_carlberner
464,52,2021-06-17 19:43:56.452658+00:00,0,1,1min,2021-06-17,19,43,1,reitan_7eleven_carlberner
465,52,2021-06-17 19:45:02.973665+00:00,0,1,1min,2021-06-17,19,45,1,reitan_7eleven_carlberner
466,52,2021-06-17 19:45:57.365627+00:00,1,0,1min,2021-06-17,19,45,1,reitan_7eleven_carlberner
467,52,2021-06-17 19:54:03.567995+00:00,0,2,1min,2021-06-17,19,54,2,reitan_7eleven_carlberner
468,52,2021-06-17 19:54:30.768316+00:00,1,0,1min,2021-06-17,19,54,1,reitan_7eleven_carlberner
469,52,2021-06-17 19:55:46.258837+00:00,1,0,1min,2021-06-17,19,55,1,reitan_7eleven_carlberner
470,52,2021-06-17 19:56:58.731270+00:00,0,1,1min,2021-06-17,19,56,1,reitan_7eleven_carlberner
471,52,2021-06-17 20:03:40.105265+00:00,0,1,1min,2021-06-17,20,3,1,reitan_7eleven_carlberner
472,52,2021-06-17 20:04:58.594878+00:00,1,2,1min,2021-06-17,20,4,3,reitan_7eleven_carlberner
473,52,2021-06-17 20:05:25.794852+00:00,1,0,1min,2021-06-17,20,5,1,reitan_7eleven_carlberner
474,52,2021-06-17 20:08:48.236662+00:00,0,1,1min,2021-06-17,20,8,1,reitan_7eleven_carlberner
475,52,2021-06-17 20:08:57.283128+00:00,1,0,1min,2021-06-17,20,8,1,reitan_7eleven_carlberner
476,52,2021-06-17 20:11:07.082367+00:00,0,2,1min,2021-06-17,20,11,2,reitan_7eleven_carlberner
477,52,2021-06-17 20:12:16.507273+00:00,0,1,1min,2021-06-17,20,12,1,reitan_7eleven_carlberner
478,52,2021-06-17 20:14:26.367816+00:00,1,1,1min,2021-06-17,20,14,2,reitan_7eleven_carlberner
479,52,2021-06-17 20:15:05.662265+00:00,0,1,1min,2021-06-17,20,15,1,reitan_7eleven_carlberner
480,52,2021-06-17 20:15:47.962143+00:00,1,0,1min,2021-06-17,20,15,1,reitan_7eleven_carlberner
481,52,2021-06-17 20:15:53.996454+00:00,1,0,1min,2021-06-17,20,15,1,reitan_7eleven_carlberner
482,52,2021-06-17 20:18:13.030787+00:00,1,0,1min,2021-06-17,20,18,1,reitan_7eleven_carlberner
483,52,2021-06-17 20:18:22.093892+00:00,2,0,1min,2021-06-17,20,18,2,reitan_7eleven_carlberner
484,52,2021-06-17 20:18:55.266627+00:00,0,1,1min,2021-06-17,20,18,1,reitan_7eleven_carlberner
485,52,2021-06-17 20:19:34.534518+00:00,0,1,1min,2021-06-17,20,19,1,reitan_7eleven_carlberner
486,52,2021-06-17 20:20:01.745732+00:00,0,1,1min,2021-06-17,20,20,1,reitan_7eleven_carlberner
487,52,2021-06-17 20:20:19.852158+00:00,1,0,1min,2021-06-17,20,20,1,reitan_7eleven_carlberner
488,52,2021-06-17 20:22:50.956517+00:00,1,0,1min,2021-06-17,20,22,1,reitan_7eleven_carlberner
489,52,2021-06-17 20:23:21.096192+00:00,1,2,1min,2021-06-17,20,23,3,reitan_7eleven_carlberner
490,52,2021-06-17 20:24:06.398911+00:00,1,0,1min,2021-06-17,20,24,1,reitan_7eleven_carlberner
491,52,2021-06-17 20:24:24.568005+00:00,1,0,1min,2021-06-17,20,24,1,reitan_7eleven_carlberner
492,52,2021-06-17 20:24:30.605637+00:00,1,0,1min,2021-06-17,20,24,1,reitan_7eleven_carlberner
493,52,2021-06-17 20:25:06.849257+00:00,0,1,1min,2021-06-17,20,25,1,reitan_7eleven_carlberner
494,52,2021-06-17 20:25:58.177514+00:00,1,0,1min,2021-06-17,20,25,1,reitan_7eleven_carlberner
495,52,2021-06-17 20:26:49.457905+00:00,0,1,1min,2021-06-17,20,26,1,reitan_7eleven_carlberner
496,52,2021-06-17 20:27:25.719116+00:00,1,0,1min,2021-06-17,20,27,1,reitan_7eleven_carlberner
497,52,2021-06-17 20:28:17.013204+00:00,0,1,1min,2021-06-17,20,28,1,reitan_7eleven_carlberner
498,52,2021-06-17 20:30:45.027850+00:00,2,0,1min,2021-06-17,20,30,2,reitan_7eleven_carlberner
499,52,2021-06-17 20:31:33.304819+00:00,1,2,1min,2021-06-17,20,31,3,reitan_7eleven_carlberner
500,52,2021-06-17 20:32:33.611333+00:00,1,1,1min,2021-06-17,20,32,2,reitan_7eleven_carlberner
501,52,2021-06-17 20:35:13.611816+00:00,0,1,1min,2021-06-17,20,35,1,reitan_7eleven_carlberner
502,52,2021-06-17 20:35:40.809111+00:00,0,1,1min,2021-06-17,20,35,1,reitan_7eleven_carlberner
503,52,2021-06-17 20:36:26.072043+00:00,1,0,1min,2021-06-17,20,36,1,reitan_7eleven_carlberner
504,52,2021-06-17 20:40:45.648525+00:00,0,3,1min,2021-06-17,20,40,3,reitan_7eleven_carlberner
505,52,2021-06-17 20:41:52.108656+00:00,1,0,1min,2021-06-17,20,41,1,reitan_7eleven_carlberner
506,52,2021-06-17 20:42:07.154913+00:00,0,1,1min,2021-06-17,20,42,1,reitan_7eleven_carlberner
507,52,2021-06-17 20:42:13.183482+00:00,0,2,1min,2021-06-17,20,42,2,reitan_7eleven_carlberner
508,52,2021-06-17 20:42:52.446493+00:00,1,0,1min,2021-06-17,20,42,1,reitan_7eleven_carlberner
509,52,2021-06-17 20:43:07.534658+00:00,2,0,1min,2021-06-17,20,43,2,reitan_7eleven_carlberner
510,52,2021-06-17 20:45:29.440087+00:00,0,1,1min,2021-06-17,20,45,1,reitan_7eleven_carlberner
511,52,2021-06-17 20:45:59.637796+00:00,0,1,1min,2021-06-17,20,45,1,reitan_7eleven_carlberner
512,52,2021-06-17 20:46:05.668505+00:00,0,1,1min,2021-06-17,20,46,1,reitan_7eleven_carlberner
513,52,2021-06-17 20:49:09.940474+00:00,0,1,1min,2021-06-17,20,49,1,reitan_7eleven_carlberner
514,52,2021-06-17 20:50:22.471145+00:00,2,0,1min,2021-06-17,20,50,2,reitan_7eleven_carlberner
515,52,2021-06-17 20:53:17.699039+00:00,0,1,1min,2021-06-17,20,53,1,reitan_7eleven_carlberner
516,52,2021-06-17 20:53:56.908177+00:00,1,0,1min,2021-06-17,20,53,1,reitan_7eleven_carlberner
517,52,2021-06-17 20:56:09.549668+00:00,0,3,1min,2021-06-17,20,56,3,reitan_7eleven_carlberner
518,52,2021-06-17 20:58:04.303135+00:00,0,1,1min,2021-06-17,20,58,1,reitan_7eleven_carlberner
519,52,2021-06-17 20:59:52.999226+00:00,0,3,1min,2021-06-17,20,59,3,reitan_7eleven_carlberner
520,52,2021-06-17 20:59:56.028543+00:00,0,1,1min,2021-06-17,20,59,1,reitan_7eleven_carlberner
521,52,2021-06-17 21:00:11.116987+00:00,0,2,1min,2021-06-17,21,0,2,reitan_7eleven_carlberner
522,52,2021-06-17 21:02:11.964247+00:00,0,2,1min,2021-06-17,21,2,2,reitan_7eleven_carlberner
523,52,2021-06-17 21:05:55.562097+00:00,0,1,1min,2021-06-17,21,5,1,reitan_7eleven_carlberner
524,52,2021-06-17 21:06:22.786965+00:00,1,1,1min,2021-06-17,21,6,2,reitan_7eleven_carlberner
525,52,2021-06-17 21:06:53.061693+00:00,1,0,1min,2021-06-17,21,6,1,reitan_7eleven_carlberner
526,52,2021-06-17 21:08:29.710525+00:00,0,1,1min,2021-06-17,21,8,1,reitan_7eleven_carlberner
527,52,2021-06-17 21:10:18.454308+00:00,3,2,1min,2021-06-17,21,10,5,reitan_7eleven_carlberner
528,52,2021-06-17 21:10:48.607129+00:00,2,0,1min,2021-06-17,21,10,2,reitan_7eleven_carlberner
529,52,2021-06-17 21:16:14.871874+00:00,0,1,1min,2021-06-17,21,16,1,reitan_7eleven_carlberner
530,52,2021-06-17 21:16:57.035917+00:00,1,0,1min,2021-06-17,21,16,1,reitan_7eleven_carlberner
531,52,2021-06-17 21:17:48.338351+00:00,0,1,1min,2021-06-17,21,17,1,reitan_7eleven_carlberner
532,52,2021-06-17 21:18:24.594747+00:00,0,1,1min,2021-06-17,21,18,1,reitan_7eleven_carlberner
533,52,2021-06-17 21:19:12.994251+00:00,1,0,1min,2021-06-17,21,19,1,reitan_7eleven_carlberner
534,52,2021-06-17 21:19:31.111421+00:00,1,0,1min,2021-06-17,21,19,1,reitan_7eleven_carlberner
535,52,2021-06-17 21:22:08.173035+00:00,1,0,1min,2021-06-17,21,22,1,reitan_7eleven_carlberner
536,52,2021-06-17 21:31:08.957677+00:00,0,1,1min,2021-06-17,21,31,1,reitan_7eleven_carlberner
537,52,2021-06-17 21:35:01.214805+00:00,0,1,1min,2021-06-17,21,35,1,reitan_7eleven_carlberner
538,52,2021-06-17 21:40:21.329228+00:00,1,0,1min,2021-06-17,21,40,1,reitan_7eleven_carlberner
539,52,2021-06-17 21:47:42.159786+00:00,1,1,1min,2021-06-17,21,47,2,reitan_7eleven_carlberner
540,52,2021-06-17 21:50:22.227277+00:00,0,1,1min,2021-06-17,21,50,1,reitan_7eleven_carlberner
541,52,2021-06-17 21:50:43.365915+00:00,1,0,1min,2021-06-17,21,50,1,reitan_7eleven_carlberner
542,52,2021-06-17 21:57:45.839860+00:00,0,1,1min,2021-06-17,21,57,1,reitan_7eleven_carlberner
543,52,2021-06-17 21:58:09.973725+00:00,1,0,1min,2021-06-17,21,58,1,reitan_7eleven_carlberner
544,52,2021-06-17 22:00:52.990862+00:00,12936,20064,1min,2021-06-17,22,0,33000,reitan_7eleven_carlberner
545,52,2021-06-17 22:01:35.221608+00:00,1,2,1min,2021-06-17,22,1,3,reitan_7eleven_carlberner
546,52,2021-06-17 22:01:56.360964+00:00,1,0,1min,2021-06-17,22,1,1,reitan_7eleven_carlberner
547,52,2021-06-17 22:02:08.442730+00:00,0,1,1min,2021-06-17,22,2,1,reitan_7eleven_carlberner
548,52,2021-06-17 22:02:41.640469+00:00,2,0,1min,2021-06-17,22,2,2,reitan_7eleven_carlberner
549,52,2021-06-17 22:03:45.046304+00:00,0,2,1min,2021-06-17,22,3,2,reitan_7eleven_carlberner
550,52,2021-06-17 22:04:21.236697+00:00,2,0,1min,2021-06-17,22,4,2,reitan_7eleven_carlberner
551,52,2021-06-17 22:21:18.936847+00:00,0,1,1min,2021-06-17,22,21,1,reitan_7eleven_carlberner
552,52,2021-06-17 22:22:10.300715+00:00,1,0,1min,2021-06-17,22,22,1,reitan_7eleven_carlberner
553,52,2021-06-17 22:25:35.631873+00:00,0,1,1min,2021-06-17,22,25,1,reitan_7eleven_carlberner
554,52,2021-06-17 22:25:38.633919+00:00,0,1,1min,2021-06-17,22,25,1,reitan_7eleven_carlberner
555,52,2021-06-17 22:26:20.930375+00:00,0,1,1min,2021-06-17,22,26,1,reitan_7eleven_carlberner
556,52,2021-06-17 22:28:27.674442+00:00,1,0,1min,2021-06-17,22,28,1,reitan_7eleven_carlberner
557,52,2021-06-17 22:30:28.477355+00:00,0,1,1min,2021-06-17,22,30,1,reitan_7eleven_carlberner
558,52,2021-06-17 22:31:22.840254+00:00,0,1,1min,2021-06-17,22,31,1,reitan_7eleven_carlberner
559,52,2021-06-17 22:33:26.581265+00:00,0,2,1min,2021-06-17,22,33,2,reitan_7eleven_carlberner
560,52,2021-06-17 22:33:29.600944+00:00,0,1,1min,2021-06-17,22,33,1,reitan_7eleven_carlberner
561,52,2021-06-17 22:34:02.902102+00:00,0,1,1min,2021-06-17,22,34,1,reitan_7eleven_carlberner
562,52,2021-06-17 22:37:28.146340+00:00,2,0,1min,2021-06-17,22,37,2,reitan_7eleven_carlberner
563,52,2021-06-17 22:37:55.299280+00:00,1,0,1min,2021-06-17,22,37,1,reitan_7eleven_carlberner
564,52,2021-06-17 22:38:13.395888+00:00,0,1,1min,2021-06-17,22,38,1,reitan_7eleven_carlberner
565,52,2021-06-17 22:38:40.498363+00:00,0,3,1min,2021-06-17,22,38,3,reitan_7eleven_carlberner
566,52,2021-06-17 22:39:04.684327+00:00,2,0,1min,2021-06-17,22,39,2,reitan_7eleven_carlberner
567,52,2021-06-17 22:39:43.926920+00:00,0,1,1min,2021-06-17,22,39,1,reitan_7eleven_carlberner
568,52,2021-06-17 22:40:44.375531+00:00,1,0,1min,2021-06-17,22,40,1,reitan_7eleven_carlberner
569,52,2021-06-17 22:42:02.947511+00:00,0,1,1min,2021-06-17,22,42,1,reitan_7eleven_carlberner
570,52,2021-06-17 22:42:15.006128+00:00,1,0,1min,2021-06-17,22,42,1,reitan_7eleven_carlberner
571,52,2021-06-17 22:42:24.057079+00:00,0,1,1min,2021-06-17,22,42,1,reitan_7eleven_carlberner
572,52,2021-06-17 22:43:33.573206+00:00,2,0,1min,2021-06-17,22,43,2,reitan_7eleven_carlberner
573,52,2021-06-17 22:47:05.036834+00:00,0,1,1min,2021-06-17,22,47,1,reitan_7eleven_carlberner
574,52,2021-06-17 22:47:56.239808+00:00,0,1,1min,2021-06-17,22,47,1,reitan_7eleven_carlberner
575,52,2021-06-17 22:48:47.557556+00:00,1,0,1min,2021-06-17,22,48,1,reitan_7eleven_carlberner
576,52,2021-06-17 22:49:08.639408+00:00,0,1,1min,2021-06-17,22,49,1,reitan_7eleven_carlberner
577,52,2021-06-17 22:49:53.995468+00:00,2,0,1min,2021-06-17,22,49,2,reitan_7eleven_carlberner
578,52,2021-06-17 22:51:15.483598+00:00,0,2,1min,2021-06-17,22,51,2,reitan_7eleven_carlberner
579,52,2021-06-17 22:52:24.918406+00:00,1,0,1min,2021-06-17,22,52,1,reitan_7eleven_carlberner
580,52,2021-06-17 22:58:03.141610+00:00,0,1,1min,2021-06-17,22,58,1,reitan_7eleven_carlberner
581,52,2021-06-17 22:59:30.619471+00:00,0,1,1min,2021-06-17,22,59,1,reitan_7eleven_carlberner
582,52,2021-06-17 23:02:28.876093+00:00,1,0,1min,2021-06-17,23,2,1,reitan_7eleven_carlberner
583,52,2021-06-17 23:05:48.118076+00:00,0,2,1min,2021-06-17,23,5,2,reitan_7eleven_carlberner
584,52,2021-06-17 23:06:36.449019+00:00,1,0,1min,2021-06-17,23,6,1,reitan_7eleven_carlberner
585,52,2021-06-17 23:07:39.882378+00:00,0,1,1min,2021-06-17,23,7,1,reitan_7eleven_carlberner
586,52,2021-06-17 23:10:10.859289+00:00,0,1,1min,2021-06-17,23,10,1,reitan_7eleven_carlberner
587,52,2021-06-17 23:10:22.918183+00:00,1,0,1min,2021-06-17,23,10,1,reitan_7eleven_carlberner
588,52,2021-06-17 23:10:47.054004+00:00,0,1,1min,2021-06-17,23,10,1,reitan_7eleven_carlberner
589,52,2021-06-17 23:12:05.486399+00:00,0,1,1min,2021-06-17,23,12,1,reitan_7eleven_carlberner
590,52,2021-06-17 23:12:17.574797+00:00,0,1,1min,2021-06-17,23,12,1,reitan_7eleven_carlberner
591,52,2021-06-17 23:15:09.813296+00:00,0,1,1min,2021-06-17,23,15,1,reitan_7eleven_carlberner
592,52,2021-06-17 23:15:48.984413+00:00,1,0,1min,2021-06-17,23,15,1,reitan_7eleven_carlberner
593,52,2021-06-17 23:16:10.114815+00:00,0,1,1min,2021-06-17,23,16,1,reitan_7eleven_carlberner
594,52,2021-06-17 23:17:31.651841+00:00,2,0,1min,2021-06-17,23,17,2,reitan_7eleven_carlberner
595,52,2021-06-17 23:18:38.082520+00:00,0,2,1min,2021-06-17,23,18,2,reitan_7eleven_carlberner
596,52,2021-06-17 23:20:50.979701+00:00,3,1,1min,2021-06-17,23,20,4,reitan_7eleven_carlberner
597,52,2021-06-17 23:21:15.146681+00:00,1,0,1min,2021-06-17,23,21,1,reitan_7eleven_carlberner
598,52,2021-06-17 23:25:53.026081+00:00,1,0,1min,2021-06-17,23,25,1,reitan_7eleven_carlberner
599,52,2021-06-17 23:26:17.221215+00:00,0,1,1min,2021-06-17,23,26,1,reitan_7eleven_carlberner
600,52,2021-06-17 23:27:35.794842+00:00,0,1,1min,2021-06-17,23,27,1,reitan_7eleven_carlberner
601,52,2021-06-17 23:28:27.016910+00:00,0,1,1min,2021-06-17,23,28,1,reitan_7eleven_carlberner
602,52,2021-06-17 23:29:12.294968+00:00,0,1,1min,2021-06-17,23,29,1,reitan_7eleven_carlberner
603,52,2021-06-17 23:29:33.378859+00:00,0,1,1min,2021-06-17,23,29,1,reitan_7eleven_carlberner
604,52,2021-06-17 23:30:48.929435+00:00,0,1,1min,2021-06-17,23,30,1,reitan_7eleven_carlberner
605,52,2021-06-17 23:31:03.995853+00:00,1,0,1min,2021-06-17,23,31,1,reitan_7eleven_carlberner
606,52,2021-06-17 23:31:16.094436+00:00,0,1,1min,2021-06-17,23,31,1,reitan_7eleven_carlberner
607,52,2021-06-17 23:31:28.152258+00:00,1,0,1min,2021-06-17,23,31,1,reitan_7eleven_carlberner
608,52,2021-06-17 23:32:52.696639+00:00,0,2,1min,2021-06-17,23,32,2,reitan_7eleven_carlberner
609,52,2021-06-17 23:34:35.325808+00:00,0,1,1min,2021-06-17,23,34,1,reitan_7eleven_carlberner
610,52,2021-06-17 23:34:59.440870+00:00,1,0,1min,2021-06-17,23,34,1,reitan_7eleven_carlberner
611,52,2021-06-17 23:35:17.538965+00:00,1,0,1min,2021-06-17,23,35,1,reitan_7eleven_carlberner
612,52,2021-06-17 23:37:12.352196+00:00,0,1,1min,2021-06-17,23,37,1,reitan_7eleven_carlberner
613,52,2021-06-17 23:50:54.196505+00:00,0,1,1min,2021-06-17,23,50,1,reitan_7eleven_carlberner
614,52,2021-06-17 23:51:57.607370+00:00,1,0,1min,2021-06-17,23,51,1,reitan_7eleven_carlberner
615,52,2021-06-17 23:52:49.046495+00:00,0,1,1min,2021-06-17,23,52,1,reitan_7eleven_carlberner
616,52,2021-06-17 23:53:52.559251+00:00,0,1,1min,2021-06-17,23,53,1,reitan_7eleven_carlberner
617,52,2021-06-17 23:54:37.747589+00:00,0,1,1min,2021-06-17,23,54,1,reitan_7eleven_carlberner
618,52,2021-06-17 23:55:07.910987+00:00,1,0,1min,2021-06-17,23,55,1,reitan_7eleven_carlberner
619,52,2021-06-17 23:56:08.437984+00:00,0,1,1min,2021-06-17,23,56,1,reitan_7eleven_carlberner
620,52,2021-06-17 23:56:23.544044+00:00,1,0,1min,2021-06-17,23,56,1,reitan_7eleven_carlberner
621,52,2021-06-17 23:58:39.364364+00:00,0,1,1min,2021-06-17,23,58,1,reitan_7eleven_carlberner
622,52,2021-06-18 00:02:34.957731+00:00,1,0,1min,2021-06-18,0,2,1,reitan_7eleven_carlberner
623,52,2021-06-18 00:26:08.024000+00:00,0,1,1min,2021-06-18,0,26,1,reitan_7eleven_carlberner
624,52,2021-06-18 00:29:24.309711+00:00,0,1,1min,2021-06-18,0,29,1,reitan_7eleven_carlberner
625,52,2021-06-18 00:29:33.369140+00:00,1,0,1min,2021-06-18,0,29,1,reitan_7eleven_carlberner
626,52,2021-06-18 00:29:45.435259+00:00,1,1,1min,2021-06-18,0,29,2,reitan_7eleven_carlberner
627,52,2021-06-18 03:31:47.542309+00:00,0,1,1min,2021-06-18,3,31,1,reitan_7eleven_carlberner
628,52,2021-06-18 03:40:08.908946+00:00,0,1,1min,2021-06-18,3,40,1,reitan_7eleven_carlberner
629,52,2021-06-18 03:40:20.995172+00:00,1,0,1min,2021-06-18,3,40,1,reitan_7eleven_carlberner
630,52,2021-06-18 03:40:33.090423+00:00,0,1,1min,2021-06-18,3,40,1,reitan_7eleven_carlberner
631,52,2021-06-18 03:40:42.169153+00:00,1,0,1min,2021-06-18,3,40,1,reitan_7eleven_carlberner
632,52,2021-06-18 03:41:33.556259+00:00,0,1,1min,2021-06-18,3,41,1,reitan_7eleven_carlberner
633,52,2021-06-18 03:41:39.587408+00:00,1,0,1min,2021-06-18,3,41,1,reitan_7eleven_carlberner
634,52,2021-06-18 03:42:00.687955+00:00,0,1,1min,2021-06-18,3,42,1,reitan_7eleven_carlberner
635,52,2021-06-18 03:42:12.764351+00:00,1,0,1min,2021-06-18,3,42,1,reitan_7eleven_carlberner
636,52,2021-06-18 03:42:24.872231+00:00,0,1,1min,2021-06-18,3,42,1,reitan_7eleven_carlberner
637,52,2021-06-18 03:42:36.958786+00:00,1,0,1min,2021-06-18,3,42,1,reitan_7eleven_carlberner
638,52,2021-06-18 03:42:49.039741+00:00,1,0,1min,2021-06-18,3,42,1,reitan_7eleven_carlberner
639,52,2021-06-18 03:51:22.440795+00:00,1,0,1min,2021-06-18,3,51,1,reitan_7eleven_carlberner
640,52,2021-06-18 03:57:12.791866+00:00,1,0,1min,2021-06-18,3,57,1,reitan_7eleven_carlberner
641,52,2021-06-18 03:57:21.856944+00:00,0,1,1min,2021-06-18,3,57,1,reitan_7eleven_carlberner
642,52,2021-06-18 04:01:08.122770+00:00,0,1,1min,2021-06-18,4,1,1,reitan_7eleven_carlberner
643,52,2021-06-18 04:01:23.222830+00:00,0,1,1min,2021-06-18,4,1,1,reitan_7eleven_carlberner
644,52,2021-06-18 04:01:38.285441+00:00,1,0,1min,2021-06-18,4,1,1,reitan_7eleven_carlberner
645,52,2021-06-18 04:32:52.618055+00:00,1,1,1min,2021-06-18,4,32,2,reitan_7eleven_carlberner
646,52,2021-06-18 04:35:53.607557+00:00,1,0,1min,2021-06-18,4,35,1,reitan_7eleven_carlberner
647,52,2021-06-18 04:36:20.721641+00:00,0,1,1min,2021-06-18,4,36,1,reitan_7eleven_carlberner
648,52,2021-06-18 04:37:27.023901+00:00,1,0,1min,2021-06-18,4,37,1,reitan_7eleven_carlberner
649,52,2021-06-18 04:41:10.432711+00:00,1,0,1min,2021-06-18,4,41,1,reitan_7eleven_carlberner
650,52,2021-06-18 04:45:48.196501+00:00,0,1,1min,2021-06-18,4,45,1,reitan_7eleven_carlberner
651,52,2021-06-18 04:46:21.504795+00:00,0,1,1min,2021-06-18,4,46,1,reitan_7eleven_carlberner
652,52,2021-06-18 04:49:13.498316+00:00,1,0,1min,2021-06-18,4,49,1,reitan_7eleven_carlberner
653,52,2021-06-18 04:53:32.928879+00:00,1,1,1min,2021-06-18,4,53,2,reitan_7eleven_carlberner
654,52,2021-06-18 04:53:51.000456+00:00,1,1,1min,2021-06-18,4,53,2,reitan_7eleven_carlberner
655,52,2021-06-18 04:58:31.490593+00:00,0,1,1min,2021-06-18,4,58,1,reitan_7eleven_carlberner
656,52,2021-06-18 04:58:55.658832+00:00,1,0,1min,2021-06-18,4,58,1,reitan_7eleven_carlberner
657,52,2021-06-18 04:59:49.989189+00:00,0,1,1min,2021-06-18,4,59,1,reitan_7eleven_carlberner
658,52,2021-06-18 04:59:52.996409+00:00,1,0,1min,2021-06-18,4,59,1,reitan_7eleven_carlberner
659,52,2021-06-18 04:59:59.027095+00:00,0,1,1min,2021-06-18,4,59,1,reitan_7eleven_carlberner
660,52,2021-06-18 05:00:02.048842+00:00,1,0,1min,2021-06-18,5,0,1,reitan_7eleven_carlberner
661,52,2021-06-18 05:00:05.083765+00:00,0,1,1min,2021-06-18,5,0,1,reitan_7eleven_carlberner
662,52,2021-06-18 05:00:17.191482+00:00,0,2,1min,2021-06-18,5,0,2,reitan_7eleven_carlberner
663,52,2021-06-18 05:00:56.523333+00:00,1,0,1min,2021-06-18,5,0,1,reitan_7eleven_carlberner
664,52,2021-06-18 05:01:17.748899+00:00,1,0,1min,2021-06-18,5,1,1,reitan_7eleven_carlberner
665,52,2021-06-18 05:01:57.014547+00:00,1,0,1min,2021-06-18,5,1,1,reitan_7eleven_carlberner
666,52,2021-06-18 05:03:33.588527+00:00,2,0,1min,2021-06-18,5,3,2,reitan_7eleven_carlberner
667,52,2021-06-18 05:03:36.622744+00:00,1,0,1min,2021-06-18,5,3,1,reitan_7eleven_carlberner
668,52,2021-06-18 05:03:54.835084+00:00,1,1,1min,2021-06-18,5,3,2,reitan_7eleven_carlberner
669,52,2021-06-18 05:04:34.202358+00:00,1,2,1min,2021-06-18,5,4,3,reitan_7eleven_carlberner
670,52,2021-06-18 05:05:04.539312+00:00,3,0,1min,2021-06-18,5,5,3,reitan_7eleven_carlberner
671,52,2021-06-18 05:05:10.598716+00:00,0,1,1min,2021-06-18,5,5,1,reitan_7eleven_carlberner
672,52,2021-06-18 05:05:25.740642+00:00,3,3,1min,2021-06-18,5,5,6,reitan_7eleven_carlberner
673,52,2021-06-18 05:05:43.963889+00:00,3,1,1min,2021-06-18,5,5,4,reitan_7eleven_carlberner
674,52,2021-06-18 05:06:08.102556+00:00,0,5,1min,2021-06-18,5,6,5,reitan_7eleven_carlberner
675,52,2021-06-18 05:06:32.293515+00:00,0,1,1min,2021-06-18,5,6,1,reitan_7eleven_carlberner
676,52,2021-06-18 05:07:11.618063+00:00,0,3,1min,2021-06-18,5,7,3,reitan_7eleven_carlberner
677,52,2021-06-18 05:40:14.961153+00:00,0,2,1min,2021-06-18,5,40,2,reitan_7eleven_carlberner
678,52,2021-06-18 11:35:14.571653+00:00,1,0,1min,2021-06-18,11,35,1,reitan_7eleven_carlberner
679,52,2021-06-18 11:53:30.096620+00:00,0,1,1min,2021-06-18,11,53,1,reitan_7eleven_carlberner
680,52,2021-06-18 14:18:20.324217+00:00,1,0,1min,2021-06-18,14,18,1,reitan_7eleven_carlberner
681,52,2021-06-18 14:18:50.474036+00:00,1,0,1min,2021-06-18,14,18,1,reitan_7eleven_carlberner
682,52,2021-06-18 14:18:53.496889+00:00,0,1,1min,2021-06-18,14,18,1,reitan_7eleven_carlberner
683,52,2021-06-18 14:19:14.619920+00:00,1,0,1min,2021-06-18,14,19,1,reitan_7eleven_carlberner
684,52,2021-06-18 16:52:15.725185+00:00,0,2,1min,2021-06-18,16,52,2,reitan_7eleven_carlberner
685,52,2021-06-18 17:57:30.810065+00:00,0,1,1min,2021-06-18,17,57,1,reitan_7eleven_carlberner
686,52,2021-06-18 17:58:49.363271+00:00,0,1,1min,2021-06-18,17,58,1,reitan_7eleven_carlberner
687,52,2021-06-18 18:19:05.822901+00:00,2,1,1min,2021-06-18,18,19,3,reitan_7eleven_carlberner
688,52,2021-06-18 22:03:15.835012+00:00,13020,20172,1min,2021-06-18,22,3,33192,reitan_7eleven_carlberner
689,52,2021-06-18 23:01:13.779283+00:00,1,0,1min,2021-06-18,23,1,1,reitan_7eleven_carlberner
690,52,2021-06-18 23:12:29.920278+00:00,0,1,1min,2021-06-18,23,12,1,reitan_7eleven_carlberner
691,52,2021-06-18 23:23:33.942504+00:00,1,0,1min,2021-06-18,23,23,1,reitan_7eleven_carlberner
692,52,2021-06-18 23:30:27.262460+00:00,1,0,1min,2021-06-18,23,30,1,reitan_7eleven_carlberner
693,52,2021-06-18 23:45:33.068227+00:00,1,0,1min,2021-06-18,23,45,1,reitan_7eleven_carlberner
694,52,2021-06-19 00:06:55.901897+00:00,0,1,1min,2021-06-19,0,6,1,reitan_7eleven_carlberner
695,52,2021-06-19 00:07:35.153735+00:00,0,1,1min,2021-06-19,0,7,1,reitan_7eleven_carlberner
696,52,2021-06-19 00:42:02.872315+00:00,0,1,1min,2021-06-19,0,42,1,reitan_7eleven_carlberner
697,52,2021-06-19 01:18:25.376050+00:00,0,1,1min,2021-06-19,1,18,1,reitan_7eleven_carlberner
698,52,2021-06-19 01:52:50.017003+00:00,1,0,1min,2021-06-19,1,52,1,reitan_7eleven_carlberner
699,52,2021-06-19 02:37:54.908583+00:00,0,1,1min,2021-06-19,2,37,1,reitan_7eleven_carlberner
700,52,2021-06-19 03:36:46.185651+00:00,1,0,1min,2021-06-19,3,36,1,reitan_7eleven_carlberner
701,52,2021-06-19 04:22:59.657662+00:00,0,1,1min,2021-06-19,4,22,1,reitan_7eleven_carlberner
702,52,2021-06-19 04:30:59.416402+00:00,0,1,1min,2021-06-19,4,30,1,reitan_7eleven_carlberner
703,52,2021-06-19 04:35:43.127278+00:00,1,0,1min,2021-06-19,4,35,1,reitan_7eleven_carlberner
704,52,2021-06-19 04:38:26.122900+00:00,0,1,1min,2021-06-19,4,38,1,reitan_7eleven_carlberner
705,52,2021-06-19 05:16:39.636511+00:00,1,0,1min,2021-06-19,5,16,1,reitan_7eleven_carlberner
706,52,2021-06-19 05:35:58.721478+00:00,1,0,1min,2021-06-19,5,35,1,reitan_7eleven_carlberner
707,52,2021-06-19 05:40:24.404247+00:00,0,1,1min,2021-06-19,5,40,1,reitan_7eleven_carlberner
708,52,2021-06-19 05:40:36.453445+00:00,1,0,1min,2021-06-19,5,40,1,reitan_7eleven_carlberner
709,52,2021-06-19 05:48:06.175239+00:00,1,0,1min,2021-06-19,5,48,1,reitan_7eleven_carlberner
710,52,2021-06-19 05:48:15.227877+00:00,1,0,1min,2021-06-19,5,48,1,reitan_7eleven_carlberner
711,52,2021-06-19 05:57:45.722120+00:00,1,0,1min,2021-06-19,5,57,1,reitan_7eleven_carlberner
712,52,2021-06-19 06:24:37.886314+00:00,1,3,1min,2021-06-19,6,24,4,reitan_7eleven_carlberner
713,52,2021-06-19 06:37:12.337016+00:00,1,0,1min,2021-06-19,6,37,1,reitan_7eleven_carlberner
714,52,2021-06-19 08:00:45.967889+00:00,0,2,1min,2021-06-19,8,0,2,reitan_7eleven_carlberner
715,52,2021-06-19 08:47:17.905024+00:00,0,1,1min,2021-06-19,8,47,1,reitan_7eleven_carlberner
716,52,2021-06-19 10:08:00.244582+00:00,2,0,1min,2021-06-19,10,8,2,reitan_7eleven_carlberner
717,52,2021-06-19 10:33:48.894802+00:00,0,1,1min,2021-06-19,10,33,1,reitan_7eleven_carlberner
718,52,2021-06-19 10:35:40.631658+00:00,1,0,1min,2021-06-19,10,35,1,reitan_7eleven_carlberner
719,52,2021-06-19 11:00:37.285717+00:00,3,0,1min,2021-06-19,11,0,3,reitan_7eleven_carlberner
720,52,2021-06-19 13:06:07.711840+00:00,1,0,1min,2021-06-19,13,6,1,reitan_7eleven_carlberner
721,52,2021-06-19 13:15:23.282241+00:00,1,0,1min,2021-06-19,13,15,1,reitan_7eleven_carlberner
722,52,2021-06-19 13:43:18.436034+00:00,0,1,1min,2021-06-19,13,43,1,reitan_7eleven_carlberner
723,52,2021-06-19 13:52:36.807372+00:00,1,0,1min,2021-06-19,13,52,1,reitan_7eleven_carlberner
724,52,2021-06-19 13:53:00.997864+00:00,0,1,1min,2021-06-19,13,53,1,reitan_7eleven_carlberner
725,52,2021-06-19 14:21:05.768633+00:00,2,1,1min,2021-06-19,14,21,3,reitan_7eleven_carlberner
726,52,2021-06-19 14:47:24.708632+00:00,0,1,1min,2021-06-19,14,47,1,reitan_7eleven_carlberner
727,52,2021-06-19 16:21:57.548381+00:00,0,3,1min,2021-06-19,16,21,3,reitan_7eleven_carlberner
728,52,2021-06-19 16:58:01.681208+00:00,1,0,1min,2021-06-19,16,58,1,reitan_7eleven_carlberner
729,52,2021-06-19 17:12:46.312095+00:00,0,4,1min,2021-06-19,17,12,4,reitan_7eleven_carlberner
730,52,2021-06-19 17:16:29.739851+00:00,0,1,1min,2021-06-19,17,16,1,reitan_7eleven_carlberner
731,52,2021-06-19 19:10:00.938107+00:00,1,0,1min,2021-06-19,19,10,1,reitan_7eleven_carlberner
732,52,2021-06-19 20:50:05.462483+00:00,1,0,1min,2021-06-19,20,50,1,reitan_7eleven_carlberner
733,52,2021-06-19 21:16:27.110795+00:00,0,1,1min,2021-06-19,21,16,1,reitan_7eleven_carlberner
734,52,2021-06-19 21:22:59.480254+00:00,1,0,1min,2021-06-19,21,22,1,reitan_7eleven_carlberner
735,52,2021-06-19 21:51:48.979953+00:00,0,1,1min,2021-06-19,21,51,1,reitan_7eleven_carlberner
736,52,2021-06-19 21:52:07.091376+00:00,1,0,1min,2021-06-19,21,52,1,reitan_7eleven_carlberner
737,52,2021-06-19 21:54:28.973967+00:00,1,0,1min,2021-06-19,21,54,1,reitan_7eleven_carlberner
738,52,2021-06-19 22:00:07.164828+00:00,13052,20203,1min,2021-06-19,22,0,33255,reitan_7eleven_carlberner
739,52,2021-06-19 22:14:42.565651+00:00,1,0,1min,2021-06-19,22,14,1,reitan_7eleven_carlberner
740,52,2021-06-19 22:15:27.817846+00:00,0,1,1min,2021-06-19,22,15,1,reitan_7eleven_carlberner
741,52,2021-06-19 22:20:32.859301+00:00,1,0,1min,2021-06-19,22,20,1,reitan_7eleven_carlberner
742,52,2021-06-19 22:53:12.127447+00:00,0,1,1min,2021-06-19,22,53,1,reitan_7eleven_carlberner
743,52,2021-06-19 22:57:10.590197+00:00,1,0,1min,2021-06-19,22,57,1,reitan_7eleven_carlberner
744,52,2021-06-19 23:06:13.885932+00:00,0,1,1min,2021-06-19,23,6,1,reitan_7eleven_carlberner
745,52,2021-06-19 23:07:26.320843+00:00,0,1,1min,2021-06-19,23,7,1,reitan_7eleven_carlberner
746,52,2021-06-19 23:09:20.924764+00:00,1,0,1min,2021-06-19,23,9,1,reitan_7eleven_carlberner
747,52,2021-06-19 23:21:49.431377+00:00,0,1,1min,2021-06-19,23,21,1,reitan_7eleven_carlberner
748,52,2021-06-19 23:26:06.146023+00:00,1,0,1min,2021-06-19,23,26,1,reitan_7eleven_carlberner
749,52,2021-06-19 23:26:57.469671+00:00,1,0,1min,2021-06-19,23,26,1,reitan_7eleven_carlberner
750,52,2021-06-19 23:29:40.549908+00:00,1,0,1min,2021-06-19,23,29,1,reitan_7eleven_carlberner
751,52,2021-06-19 23:45:25.425401+00:00,0,1,1min,2021-06-19,23,45,1,reitan_7eleven_carlberner
752,52,2021-06-20 00:04:05.343839+00:00,1,0,1min,2021-06-20,0,4,1,reitan_7eleven_carlberner
753,52,2021-06-20 00:05:32.882456+00:00,1,0,1min,2021-06-20,0,5,1,reitan_7eleven_carlberner
754,52,2021-06-20 00:08:03.934041+00:00,0,1,1min,2021-06-20,0,8,1,reitan_7eleven_carlberner
755,52,2021-06-20 00:11:08.156593+00:00,0,1,1min,2021-06-20,0,11,1,reitan_7eleven_carlberner
756,52,2021-06-20 00:11:32.301483+00:00,1,0,1min,2021-06-20,0,11,1,reitan_7eleven_carlberner
757,52,2021-06-20 00:16:00.781380+00:00,0,1,1min,2021-06-20,0,16,1,reitan_7eleven_carlberner
758,52,2021-06-20 00:18:10.497026+00:00,1,1,1min,2021-06-20,0,18,2,reitan_7eleven_carlberner
759,52,2021-06-20 00:18:37.654107+00:00,1,0,1min,2021-06-20,0,18,1,reitan_7eleven_carlberner
760,52,2021-06-20 00:25:37.310949+00:00,1,0,1min,2021-06-20,0,25,1,reitan_7eleven_carlberner
761,52,2021-06-20 00:27:19.947008+00:00,0,1,1min,2021-06-20,0,27,1,reitan_7eleven_carlberner
762,52,2021-06-20 00:29:26.837171+00:00,0,2,1min,2021-06-20,0,29,2,reitan_7eleven_carlberner
763,52,2021-06-20 00:31:30.604296+00:00,1,1,1min,2021-06-20,0,31,2,reitan_7eleven_carlberner
764,52,2021-06-20 00:33:10.294129+00:00,1,0,1min,2021-06-20,0,33,1,reitan_7eleven_carlberner
765,52,2021-06-20 00:33:49.570944+00:00,1,2,1min,2021-06-20,0,33,3,reitan_7eleven_carlberner
766,52,2021-06-20 00:39:09.483087+00:00,0,1,1min,2021-06-20,0,39,1,reitan_7eleven_carlberner
767,52,2021-06-20 00:43:11.010144+00:00,0,1,1min,2021-06-20,0,43,1,reitan_7eleven_carlberner
768,52,2021-06-20 01:15:28.742165+00:00,0,1,1min,2021-06-20,1,15,1,reitan_7eleven_carlberner
769,52,2021-06-20 01:20:00.402488+00:00,1,0,1min,2021-06-20,1,20,1,reitan_7eleven_carlberner
770,52,2021-06-20 01:20:15.481928+00:00,1,0,1min,2021-06-20,1,20,1,reitan_7eleven_carlberner
771,52,2021-06-20 01:21:12.830521+00:00,0,1,1min,2021-06-20,1,21,1,reitan_7eleven_carlberner
772,52,2021-06-20 01:31:55.690164+00:00,1,0,1min,2021-06-20,1,31,1,reitan_7eleven_carlberner
773,52,2021-06-20 01:37:03.885854+00:00,1,0,1min,2021-06-20,1,37,1,reitan_7eleven_carlberner
774,52,2021-06-20 01:43:09.081300+00:00,0,1,1min,2021-06-20,1,43,1,reitan_7eleven_carlberner
775,52,2021-06-20 01:43:45.337989+00:00,1,0,1min,2021-06-20,1,43,1,reitan_7eleven_carlberner
776,52,2021-06-20 01:45:18.926035+00:00,0,1,1min,2021-06-20,1,45,1,reitan_7eleven_carlberner
777,52,2021-06-20 02:30:23.918267+00:00,1,0,1min,2021-06-20,2,30,1,reitan_7eleven_carlberner
778,52,2021-06-20 02:30:32.965766+00:00,0,1,1min,2021-06-20,2,30,1,reitan_7eleven_carlberner
779,52,2021-06-20 22:00:23.295038+00:00,13241,20375,1min,2021-06-20,22,0,33616,reitan_7eleven_carlberner
780,52,2021-06-20 22:25:44.736959+00:00,1,0,1min,2021-06-20,22,25,1,reitan_7eleven_carlberner
781,52,2021-06-20 22:26:42.095270+00:00,0,1,1min,2021-06-20,22,26,1,reitan_7eleven_carlberner
782,52,2021-06-20 22:26:51.150349+00:00,1,0,1min,2021-06-20,22,26,1,reitan_7eleven_carlberner
783,52,2021-06-20 22:27:00.180033+00:00,0,2,1min,2021-06-20,22,27,2,reitan_7eleven_carlberner
784,52,2021-06-20 22:27:12.202825+00:00,0,1,1min,2021-06-20,22,27,1,reitan_7eleven_carlberner
785,52,2021-06-20 22:40:38.175402+00:00,1,0,1min,2021-06-20,22,40,1,reitan_7eleven_carlberner
786,52,2021-06-20 23:31:33.011442+00:00,1,0,1min,2021-06-20,23,31,1,reitan_7eleven_carlberner
787,52,2021-06-20 23:52:01.792280+00:00,0,1,1min,2021-06-20,23,52,1,reitan_7eleven_carlberner
788,52,2021-06-21 00:23:46.562303+00:00,0,1,1min,2021-06-21,0,23,1,reitan_7eleven_carlberner
789,52,2021-06-21 00:37:36.603017+00:00,1,0,1min,2021-06-21,0,37,1,reitan_7eleven_carlberner
790,52,2021-06-21 00:37:45.667600+00:00,0,1,1min,2021-06-21,0,37,1,reitan_7eleven_carlberner
791,52,2021-06-21 00:38:09.843197+00:00,1,0,1min,2021-06-21,0,38,1,reitan_7eleven_carlberner
792,52,2021-06-21 00:38:18.902242+00:00,1,0,1min,2021-06-21,0,38,1,reitan_7eleven_carlberner
793,52,2021-06-21 00:38:27.969764+00:00,0,1,1min,2021-06-21,0,38,1,reitan_7eleven_carlberner
794,52,2021-06-21 00:39:01.200340+00:00,0,1,1min,2021-06-21,0,39,1,reitan_7eleven_carlberner
795,52,2021-06-21 00:47:07.173599+00:00,0,1,1min,2021-06-21,0,47,1,reitan_7eleven_carlberner
796,52,2021-06-21 01:15:17.405789+00:00,0,1,1min,2021-06-21,1,15,1,reitan_7eleven_carlberner
797,52,2021-06-21 01:28:13.158812+00:00,0,1,1min,2021-06-21,1,28,1,reitan_7eleven_carlberner
798,52,2021-06-21 02:48:29.925071+00:00,0,1,1min,2021-06-21,2,48,1,reitan_7eleven_carlberner
799,52,2021-06-21 02:52:49.533725+00:00,0,2,1min,2021-06-21,2,52,2,reitan_7eleven_carlberner
800,52,2021-06-21 02:55:02.419767+00:00,1,0,1min,2021-06-21,2,55,1,reitan_7eleven_carlberner
801,52,2021-06-21 22:00:18.713839+00:00,13406,20561,1min,2021-06-21,22,0,33967,reitan_7eleven_carlberner
802,52,2021-06-22 22:00:19.902599+00:00,13406,20561,1min,2021-06-22,22,0,33967,reitan_7eleven_carlberner
803,52,2021-06-23 22:00:29.677159+00:00,13406,20561,1min,2021-06-23,22,0,33967,reitan_7eleven_carlberner
804,52,2021-06-24 22:00:32.818896+00:00,13406,20561,1min,2021-06-24,22,0,33967,reitan_7eleven_carlberner
805,52,2021-06-25 22:00:03.586208+00:00,13406,20561,1min,2021-06-25,22,0,33967,reitan_7eleven_carlberner
806,52,2021-06-26 22:00:15.304455+00:00,13406,20561,1min,2021-06-26,22,0,33967,reitan_7eleven_carlberner
